ORD-000001,2026/01/02,CUST-1001,Noise Cancelling Earbuds,3,35.45,UK
ORD-000002,2026/01/03,CUST-1002,Smart Watch Series 5,2,254.98,BR
ORD-000003,2026/01/04,CUST-1003,Air Purifier Small,3,246.34,AU
ORD-000004,2026/01/05,CUST-1004,LED Desk Lamp,1,85.03,DE
ORD-000005,2026/01/06,CUST-1005,Yoga Mat Premium,3,257.69,BR
ORD-000006,2026/01/07,CUST-1006,Noise Cancelling Earbuds,2,269.89,AU
ORD-000007,2026/01/08,CUST-1007,Wireless Mouse Silent,1,131.15,AU
ORD-000008,2026/01/09,CUST-1008,Wireless Mouse Silent,4,164.71,FR
ORD-000009,2026/01/10,CUST-1009,Bluetooth Speaker Mini,1,203.41,FR
ORD-000010,2026/01/11,CUST-1010,Ergonomic Office Chair,1,236.48,IN
ORD-000011,2026/01/12,CUST-1011,Leather Wallet Classic,2,211.33,IN
ORD-000012,2026/01/13,CUST-1012,External SSD 1TB,3,191.11,US
ORD-000013,2026/01/14,CUST-1013,Smart Watch Series 5,1,281.45,CA
ORD-000014,2026/01/15,CUST-1014,4K Webcam Pro,5,210.42,BR
ORD-000015,2026/01/16,CUST-1015,Monitor Arm Dual,4,69.0,JP
ORD-000016,2026/01/17,CUST-1016,Running Shoes Elite,4,134.89,CA
ORD-000017,2026/01/18,CUST-1017,Mechanical Keyboard RGB,3,174.5,AU
ORD-000018,2026/01/19,CUST-1018,LED Desk Lamp,3,159.2,DE
ORD-000019,2026/01/20,CUST-1019,Stainless Steel Water Bottle,1,80.25,UK
ORD-000020,2026/01/21,CUST-1020,Air Purifier Small,3,243.53,UK
ORD-000021,2026/01/22,CUST-1021,Portable Power Bank,3,293.03,IN
ORD-000022,2026/01/23,CUST-1022,Organic Cotton T-Shirt,4,31.64,BR
ORD-000023,2026/01/24,CUST-1023,Running Shoes Elite,5,129.83,CA
ORD-000024,2026/01/25,CUST-1024,Wireless Mouse Silent,1,124.98,US
ORD-000025,2026/01/26,CUST-1025,Yoga Mat Premium,3,93.69,CA
ORD-000026,2026/01/27,CUST-1026,Leather Wallet Classic,3,243.73,UK
ORD-000027,2026/01/28,CUST-1027,Organic Cotton T-Shirt,4,161.64,DE
ORD-000028,2026/01/29,CUST-1028,Standing Desk Converter,3,128.03,DE
ORD-000029,2026/01/30,CUST-1029,Smart Watch Series 5,2,231.46,FR
ORD-000030,2026/01/31,CUST-1030,Mechanical Keyboard RGB,1,104.19,BR
ORD-000031,2026/02/01,CUST-1031,Stainless Steel Water Bottle,4,123.14,UK
ORD-000032,2026/02/02,CUST-1032,Standing Desk Converter,4,171.73,JP
ORD-000033,2026/02/03,CUST-1033,Monitor Arm Dual,3,101.13,CN
ORD-000034,2026/02/04,CUST-1034,Running Shoes Elite,2,234.81,BR
ORD-000035,2026/02/05,CUST-1035,Yoga Mat Premium,4,106.03,IN
ORD-000036,2026/02/06,CUST-1036,Monitor Arm Dual,5,272.56,UK
ORD-000037,2026/02/07,CUST-1037,Stainless Steel Water Bottle,4,261.18,UK
ORD-000038,2026/02/08,CUST-1038,Wireless Headphones Pro,4,92.54,BR
ORD-000039,2026/02/09,CUST-1039,Bluetooth Speaker Mini,1,84.7,DE
ORD-000040,2026/02/10,CUST-1040,Portable Power Bank,4,49.3,CA
ORD-000041,2026/02/11,CUST-1041,Wireless Charger Pad,5,191.05,CN
ORD-000042,2026/02/12,CUST-1042,Organic Cotton T-Shirt,5,149.66,BR
ORD-000043,2026/02/13,CUST-1043,Bluetooth Speaker Mini,3,119.52,AU
ORD-000044,2026/02/14,CUST-1044,External SSD 1TB,2,30.65,BR
ORD-000045,2026/02/15,CUST-1045,Air Purifier Small,3,95.6,AU
ORD-000046,2026/02/16,CUST-1046,Portable Power Bank,5,155.29,BR
ORD-000047,2026/02/17,CUST-1047,Running Shoes Elite,2,166.24,CA
ORD-000048,2026/02/18,CUST-1048,Leather Wallet Classic,4,172.03,IN
ORD-000049,2026/02/19,CUST-1049,Yoga Mat Premium,1,254.38,FR
ORD-000050,2026/02/20,CUST-1050,Monitor Arm Dual,5,225.07,CA
ORD-000051,2026/02/21,CUST-1051,Ergonomic Office Chair,2,87.48,BR
ORD-000052,2026/02/22,CUST-1052,Noise Cancelling Earbuds,4,134.31,AU
ORD-000053,2026/02/23,CUST-1053,Running Shoes Elite,3,144.06,BR
ORD-000054,2026/02/24,CUST-1054,Portable Power Bank,3,82.76,JP
ORD-000055,2026/02/25,CUST-1055,Standing Desk Converter,4,185.61,IN
ORD-000056,2026/02/26,CUST-1056,4K Webcam Pro,2,76.32,CN
ORD-000057,2026/02/27,CUST-1057,Mechanical Keyboard RGB,4,46.12,CA
ORD-000058,2026/02/28,CUST-1058,Ergonomic Office Chair,3,39.11,CN
ORD-000059,2026/03/01,CUST-1059,LED Desk Lamp,4,73.73,CA
ORD-000060,2026/03/02,CUST-1060,LED Desk Lamp,1,222.26,JP
ORD-000061,2026/03/03,CUST-1061,Monitor Arm Dual,2,148.31,CN
ORD-000062,2026/03/04,CUST-1062,LED Desk Lamp,1,195.49,CN
ORD-000063,2026/03/05,CUST-1063,Running Shoes Elite,1,271.03,AU
ORD-000064,2026/03/06,CUST-1064,Smart Watch Series 5,4,230.66,DE
ORD-000065,2026/03/07,CUST-1065,4K Webcam Pro,5,157.37,CA
ORD-000066,2026/03/08,CUST-1066,Monitor Arm Dual,2,249.69,JP
ORD-000067,2026/03/09,CUST-1067,Wireless Mouse Silent,2,77.96,CN
ORD-000068,2026/03/10,CUST-1068,Wireless Headphones Pro,4,101.35,FR
ORD-000069,2026/03/11,CUST-1069,Noise Cancelling Earbuds,2,245.32,DE
ORD-000070,2026/03/12,CUST-1070,4K Webcam Pro,3,85.52,DE
ORD-000071,2026/03/13,CUST-1071,Leather Wallet Classic,1,53.48,CN
ORD-000072,2026/03/14,CUST-1072,Bluetooth Speaker Mini,4,167.83,CA
ORD-000073,2026/03/15,CUST-1073,Standing Desk Converter,1,209.17,JP
ORD-000074,2026/03/16,CUST-1074,Wireless Headphones Pro,2,91.79,AU
ORD-000075,2026/03/17,CUST-1075,Organic Cotton T-Shirt,4,281.92,US
ORD-000076,2026/03/18,CUST-1076,Leather Wallet Classic,4,210.78,BR
ORD-000077,2026/03/19,CUST-1077,Wireless Headphones Pro,4,85.9,US
ORD-000078,2026/03/20,CUST-1078,Running Shoes Elite,4,36.96,FR
ORD-000079,2026/03/21,CUST-1079,Mechanical Keyboard RGB,2,274.63,CN
ORD-000080,2026/03/22,CUST-1080,Bluetooth Speaker Mini,5,148.24,DE
ORD-000081,2026/03/23,CUST-1081,Mechanical Keyboard RGB,4,115.92,DE
ORD-000082,2026/03/24,CUST-1082,External SSD 1TB,3,126.38,US
ORD-000083,2026/03/25,CUST-1083,Organic Cotton T-Shirt,2,189.74,CN
ORD-000084,2026/03/26,CUST-1084,Wireless Mouse Silent,1,286.87,UK
ORD-000085,2026/03/27,CUST-1085,Smart Watch Series 5,2,53.15,AU
ORD-000086,2026/03/28,CUST-1086,Wireless Headphones Pro,4,109.92,FR
ORD-000087,2026/03/29,CUST-1087,4K Webcam Pro,1,283.3,FR
ORD-000088,2026/03/30,CUST-1088,Portable Power Bank,4,184.35,CA
ORD-000089,2026/03/31,CUST-1089,Wireless Headphones Pro,2,128.42,CN
ORD-000090,2026/04/01,CUST-1090,Monitor Arm Dual,2,191.8,FR
ORD-000091,2026/04/02,CUST-1091,Bluetooth Speaker Mini,5,190.68,JP
ORD-000092,2026/04/03,CUST-1092,Noise Cancelling Earbuds,4,203.97,DE
ORD-000093,2026/04/04,CUST-1093,Organic Cotton T-Shirt,4,144.78,JP
ORD-000094,2026/04/05,CUST-1094,Air Purifier Small,3,299.09,US
ORD-000095,2026/04/06,CUST-1095,Wireless Mouse Silent,5,228.93,IN
ORD-000096,2026/04/07,CUST-1096,Noise Cancelling Earbuds,5,57.95,UK
ORD-000097,2026/04/08,CUST-1097,Running Shoes Elite,2,67.84,DE
ORD-000098,2026/04/09,CUST-1098,Yoga Mat Premium,3,250.15,DE
ORD-000099,2026/04/10,CUST-1099,Wireless Mouse Silent,1,206.47,BR
ORD-000100,2026/04/11,CUST-1100,Organic Cotton T-Shirt,1,127.03,IN
ORD-000101,2026/04/12,CUST-1101,Ergonomic Office Chair,3,45.93,AU
ORD-000102,2026/04/13,CUST-1102,Air Purifier Small,2,131.4,IN
ORD-000103,2026/04/14,CUST-1103,Ergonomic Office Chair,4,69.76,AU
ORD-000104,2026/04/15,CUST-1104,Wireless Mouse Silent,1,44.42,AU
ORD-000105,2026/04/16,CUST-1105,Wireless Headphones Pro,5,171.56,JP
ORD-000106,2026/04/17,CUST-1106,Smart Watch Series 5,2,259.63,US
ORD-000107,2026/04/18,CUST-1107,Air Purifier Small,1,45.27,AU
ORD-000108,2026/04/19,CUST-1108,Wireless Charger Pad,3,175.02,JP
ORD-000109,2026/04/20,CUST-1109,Portable Power Bank,2,231.64,BR
ORD-000110,2026/04/21,CUST-1110,Bluetooth Speaker Mini,2,100.7,FR
ORD-000111,2026/04/22,CUST-1111,Mechanical Keyboard RGB,4,292.97,CA
ORD-000112,2026/04/23,CUST-1112,Standing Desk Converter,4,244.39,CA
ORD-000113,2026/04/24,CUST-1113,Bluetooth Speaker Mini,4,179.73,JP
ORD-000114,2026/04/25,CUST-1114,Noise Cancelling Earbuds,4,158.52,FR
ORD-000115,2026/04/26,CUST-1115,Wireless Charger Pad,3,142.63,IN
ORD-000116,2026/04/27,CUST-1116,Bluetooth Speaker Mini,4,264.9,CA
ORD-000117,2026/04/28,CUST-1117,Wireless Charger Pad,4,144.97,UK
ORD-000118,2026/04/29,CUST-1118,4K Webcam Pro,2,185.33,JP
ORD-000119,2026/04/30,CUST-1119,Stainless Steel Water Bottle,5,168.24,AU
ORD-000120,2026/05/01,CUST-1120,4K Webcam Pro,5,124.53,CN
ORD-000121,2026/05/02,CUST-1121,Monitor Arm Dual,5,217.45,CN
ORD-000122,2026/05/03,CUST-1122,Yoga Mat Premium,2,284.46,BR
ORD-000123,2026/05/04,CUST-1123,External SSD 1TB,3,98.69,BR
ORD-000124,2026/05/05,CUST-1124,4K Webcam Pro,3,200.23,FR
ORD-000125,2026/05/06,CUST-1125,Monitor Arm Dual,4,276.99,BR
ORD-000126,2026/05/07,CUST-1126,Wireless Charger Pad,2,201.61,CA
ORD-000127,2026/05/08,CUST-1127,Leather Wallet Classic,1,287.13,DE
ORD-000128,2026/05/09,CUST-1128,Running Shoes Elite,1,52.61,BR
ORD-000129,2026/05/10,CUST-1129,Mechanical Keyboard RGB,2,190.33,AU
ORD-000130,2026/05/11,CUST-1130,Wireless Charger Pad,2,258.51,DE
ORD-000131,2026/05/12,CUST-1131,4K Webcam Pro,4,187.47,BR
ORD-000132,2026/05/13,CUST-1132,Standing Desk Converter,5,109.98,FR
ORD-000133,2026/05/14,CUST-1133,Wireless Charger Pad,3,202.8,CN
ORD-000134,2026/05/15,CUST-1134,Leather Wallet Classic,3,193.01,CA
ORD-000135,2026/05/16,CUST-1135,4K Webcam Pro,5,143.16,FR
ORD-000136,2026/05/17,CUST-1136,Air Purifier Small,1,224.98,IN
ORD-000137,2026/05/18,CUST-1137,Leather Wallet Classic,4,91.67,AU
ORD-000138,2026/05/19,CUST-1138,Portable Power Bank,2,254.21,DE
ORD-000139,2026/05/20,CUST-1139,Wireless Mouse Silent,2,154.52,DE
ORD-000140,2026/05/21,CUST-1140,Stainless Steel Water Bottle,3,288.38,DE
ORD-000141,2026/05/22,CUST-1141,Bluetooth Speaker Mini,2,282.31,AU
ORD-000142,2026/05/23,CUST-1142,Portable Power Bank,1,144.9,FR
ORD-000143,2026/05/24,CUST-1143,Mechanical Keyboard RGB,2,168.05,FR
ORD-000144,2026/05/25,CUST-1144,Organic Cotton T-Shirt,4,267.03,JP
ORD-000145,2026/05/26,CUST-1145,LED Desk Lamp,5,190.19,IN
ORD-000146,2026/05/27,CUST-1146,Monitor Arm Dual,5,188.92,IN
ORD-000147,2026/05/28,CUST-1147,Noise Cancelling Earbuds,1,74.52,BR
ORD-000148,2026/05/29,CUST-1148,Monitor Arm Dual,2,144.09,US
ORD-000149,2026/05/30,CUST-1149,Mechanical Keyboard RGB,5,264.62,CN
ORD-000150,2026/05/31,CUST-1150,External SSD 1TB,2,241.06,FR
ORD-000151,2026/06/01,CUST-1151,Wireless Charger Pad,2,287.69,JP
ORD-000152,2026/06/02,CUST-1152,Noise Cancelling Earbuds,2,134.15,IN
ORD-000153,2026/06/03,CUST-1153,Leather Wallet Classic,5,151.71,BR
ORD-000154,2026/06/04,CUST-1154,External SSD 1TB,4,276.93,JP
ORD-000155,2026/06/05,CUST-1155,Standing Desk Converter,2,122.66,BR
ORD-000156,2026/06/06,CUST-1156,Monitor Arm Dual,4,101.28,CA
ORD-000157,2026/06/07,CUST-1157,Running Shoes Elite,2,257.91,DE
ORD-000158,2026/06/08,CUST-1158,Bluetooth Speaker Mini,3,268.29,JP
ORD-000159,2026/06/09,CUST-1159,4K Webcam Pro,5,205.21,CN
ORD-000160,2026/06/10,CUST-1160,Wireless Charger Pad,1,119.87,AU
ORD-000161,2026/06/11,CUST-1161,Wireless Mouse Silent,3,201.31,CA
ORD-000162,2026/06/12,CUST-1162,Stainless Steel Water Bottle,3,245.68,US
ORD-000163,2026/06/13,CUST-1163,Mechanical Keyboard RGB,3,30.7,DE
ORD-000164,2026/06/14,CUST-1164,Air Purifier Small,1,244.07,JP
ORD-000165,2026/06/15,CUST-1165,Organic Cotton T-Shirt,4,202.21,CN
ORD-000166,2026/06/16,CUST-1166,Running Shoes Elite,1,185.31,AU
ORD-000167,2026/06/17,CUST-1167,Stainless Steel Water Bottle,3,50.91,JP
ORD-000168,2026/06/18,CUST-1168,Leather Wallet Classic,1,83.55,US
ORD-000169,2026/06/19,CUST-1169,Portable Power Bank,4,75.72,FR
ORD-000170,2026/06/20,CUST-1170,Smart Watch Series 5,2,277.49,IN
ORD-000171,2026/06/21,CUST-1171,Smart Watch Series 5,1,30.42,BR
ORD-000172,2026/06/22,CUST-1172,Running Shoes Elite,4,80.69,CN
ORD-000173,2026/06/23,CUST-1173,Monitor Arm Dual,5,170.08,DE
ORD-000174,2026/06/24,CUST-1174,Organic Cotton T-Shirt,1,235.38,CA
ORD-000175,2026/06/25,CUST-1175,Bluetooth Speaker Mini,2,99.09,AU
ORD-000176,2026/06/26,CUST-1176,LED Desk Lamp,2,60.84,BR
ORD-000177,2026/06/27,CUST-1177,Monitor Arm Dual,4,41.45,US
ORD-000178,2026/06/28,CUST-1178,Smart Watch Series 5,1,156.38,DE
ORD-000179,2026/06/29,CUST-1179,External SSD 1TB,2,285.29,UK
ORD-000180,2026/01/01,CUST-1180,Monitor Arm Dual,1,123.47,FR
ORD-000181,2026/01/02,CUST-1181,Monitor Arm Dual,1,90.38,DE
ORD-000182,2026/01/03,CUST-1182,External SSD 1TB,3,93.83,CN
ORD-000183,2026/01/04,CUST-1183,Wireless Charger Pad,3,116.65,AU
ORD-000184,2026/01/05,CUST-1184,Running Shoes Elite,2,148.44,JP
ORD-000185,2026/01/06,CUST-1185,Organic Cotton T-Shirt,5,223.05,DE
ORD-000186,2026/01/07,CUST-1186,External SSD 1TB,1,65.3,CA
ORD-000187,2026/01/08,CUST-1187,Stainless Steel Water Bottle,2,84.44,US
ORD-000188,2026/01/09,CUST-1188,Bluetooth Speaker Mini,5,286.13,AU
ORD-000189,2026/01/10,CUST-1189,Mechanical Keyboard RGB,2,115.86,IN
ORD-000190,2026/01/11,CUST-1190,Smart Watch Series 5,4,183.78,US
ORD-000191,2026/01/12,CUST-1191,Standing Desk Converter,5,206.14,DE
ORD-000192,2026/01/13,CUST-1192,Wireless Mouse Silent,2,206.28,JP
ORD-000193,2026/01/14,CUST-1193,Wireless Mouse Silent,4,192.06,BR
ORD-000194,2026/01/15,CUST-1194,Wireless Headphones Pro,1,144.58,CA
ORD-000195,2026/01/16,CUST-1195,External SSD 1TB,1,273.19,UK
ORD-000196,2026/01/17,CUST-1196,Monitor Arm Dual,2,261.44,CN
ORD-000197,2026/01/18,CUST-1197,Noise Cancelling Earbuds,5,80.61,JP
ORD-000198,2026/01/19,CUST-1198,Mechanical Keyboard RGB,1,261.16,FR
ORD-000199,2026/01/20,CUST-1199,Running Shoes Elite,5,175.17,IN
ORD-000200,2026/01/21,CUST-1000,Portable Power Bank,5,82.19,BR
ORD-000201,2026/01/22,CUST-1001,Bluetooth Speaker Mini,5,53.49,CA
ORD-000202,2026/01/23,CUST-1002,Standing Desk Converter,5,122.91,DE
ORD-000203,2026/01/24,CUST-1003,Air Purifier Small,4,207.86,CN
ORD-000204,2026/01/25,CUST-1004,Wireless Headphones Pro,1,257.03,CA
ORD-000205,2026/01/26,CUST-1005,Bluetooth Speaker Mini,5,246.07,CA
ORD-000206,2026/01/27,CUST-1006,Mechanical Keyboard RGB,3,258.28,IN
ORD-000207,2026/01/28,CUST-1007,Organic Cotton T-Shirt,1,172.18,CN
ORD-000208,2026/01/29,CUST-1008,Ergonomic Office Chair,4,261.3,US
ORD-000209,2026/01/30,CUST-1009,Wireless Charger Pad,5,187.1,AU
ORD-000210,2026/01/31,CUST-1010,Ergonomic Office Chair,1,273.57,JP
ORD-000211,2026/02/01,CUST-1011,Wireless Charger Pad,4,57.44,US
ORD-000212,2026/02/02,CUST-1012,Standing Desk Converter,1,59.84,CN
ORD-000213,2026/02/03,CUST-1013,Bluetooth Speaker Mini,5,68.66,IN
ORD-000214,2026/02/04,CUST-1014,Bluetooth Speaker Mini,4,84.11,CA
ORD-000215,2026/02/05,CUST-1015,Stainless Steel Water Bottle,3,136.26,AU
ORD-000216,2026/02/06,CUST-1016,Running Shoes Elite,3,256.2,US
ORD-000217,2026/02/07,CUST-1017,Mechanical Keyboard RGB,5,214.68,DE
ORD-000218,2026/02/08,CUST-1018,Organic Cotton T-Shirt,5,250.46,UK
ORD-000219,2026/02/09,CUST-1019,LED Desk Lamp,3,87.47,UK
ORD-000220,2026/02/10,CUST-1020,Leather Wallet Classic,4,132.05,JP
ORD-000221,2026/02/11,CUST-1021,Wireless Headphones Pro,5,299.9,JP
ORD-000222,2026/02/12,CUST-1022,Noise Cancelling Earbuds,3,131.24,AU
ORD-000223,2026/02/13,CUST-1023,Noise Cancelling Earbuds,3,117.53,IN
ORD-000224,2026/02/14,CUST-1024,Smart Watch Series 5,1,222.57,BR
ORD-000225,2026/02/15,CUST-1025,Wireless Charger Pad,4,72.85,BR
ORD-000226,2026/02/16,CUST-1026,4K Webcam Pro,2,277.51,DE
ORD-000227,2026/02/17,CUST-1027,Bluetooth Speaker Mini,5,167.09,US
ORD-000228,2026/02/18,CUST-1028,Stainless Steel Water Bottle,5,98.1,AU
ORD-000229,2026/02/19,CUST-1029,Air Purifier Small,5,71.34,FR
ORD-000230,2026/02/20,CUST-1030,Standing Desk Converter,4,207.63,UK
ORD-000231,2026/02/21,CUST-1031,Yoga Mat Premium,3,181.43,DE
ORD-000232,2026/02/22,CUST-1032,Mechanical Keyboard RGB,5,153.46,DE
ORD-000233,2026/02/23,CUST-1033,Wireless Mouse Silent,4,121.77,CA
ORD-000234,2026/02/24,CUST-1034,Bluetooth Speaker Mini,5,257.32,JP
ORD-000235,2026/02/25,CUST-1035,Portable Power Bank,4,48.75,DE
ORD-000236,2026/02/26,CUST-1036,Mechanical Keyboard RGB,2,70.54,UK
ORD-000237,2026/02/27,CUST-1037,4K Webcam Pro,4,252.61,CA
ORD-000238,2026/02/28,CUST-1038,Wireless Charger Pad,3,185.44,AU
ORD-000239,2026/03/01,CUST-1039,Ergonomic Office Chair,3,247.75,US
ORD-000240,2026/03/02,CUST-1040,Bluetooth Speaker Mini,4,178.36,FR
ORD-000241,2026/03/03,CUST-1041,Mechanical Keyboard RGB,5,42.9,UK
ORD-000242,2026/03/04,CUST-1042,External SSD 1TB,2,73.55,DE
ORD-000243,2026/03/05,CUST-1043,Yoga Mat Premium,1,59.8,CA
ORD-000244,2026/03/06,CUST-1044,Organic Cotton T-Shirt,2,35.17,UK
ORD-000245,2026/03/07,CUST-1045,Bluetooth Speaker Mini,5,47.48,JP
ORD-000246,2026/03/08,CUST-1046,Ergonomic Office Chair,4,50.03,JP
ORD-000247,2026/03/09,CUST-1047,LED Desk Lamp,4,294.38,CN
ORD-000248,2026/03/10,CUST-1048,Portable Power Bank,4,230.33,DE
ORD-000249,2026/03/11,CUST-1049,Portable Power Bank,3,297.57,CA
ORD-000250,2026/03/12,CUST-1050,Stainless Steel Water Bottle,2,31.76,DE
ORD-000251,2026/03/13,CUST-1051,Bluetooth Speaker Mini,5,159.36,UK
ORD-000252,2026/03/14,CUST-1052,Monitor Arm Dual,3,297.17,BR
ORD-000253,2026/03/15,CUST-1053,Ergonomic Office Chair,4,160.36,US
ORD-000254,2026/03/16,CUST-1054,Wireless Mouse Silent,5,298.19,IN
ORD-000255,2026/03/17,CUST-1055,Running Shoes Elite,4,82.18,DE
ORD-000256,2026/03/18,CUST-1056,LED Desk Lamp,2,62.75,JP
ORD-000257,2026/03/19,CUST-1057,Yoga Mat Premium,4,98.64,FR
ORD-000258,2026/03/20,CUST-1058,Wireless Headphones Pro,1,154.38,IN
ORD-000259,2026/03/21,CUST-1059,LED Desk Lamp,1,129.98,FR
ORD-000260,2026/03/22,CUST-1060,Bluetooth Speaker Mini,2,98.39,DE
ORD-000261,2026/03/23,CUST-1061,Wireless Headphones Pro,1,235.67,JP
ORD-000262,2026/03/24,CUST-1062,Wireless Mouse Silent,3,37.12,DE
ORD-000263,2026/03/25,CUST-1063,External SSD 1TB,1,150.56,DE
ORD-000264,2026/03/26,CUST-1064,Bluetooth Speaker Mini,4,150.46,FR
ORD-000265,2026/03/27,CUST-1065,Wireless Mouse Silent,3,182.08,CA
ORD-000266,2026/03/28,CUST-1066,Smart Watch Series 5,4,121.69,US
ORD-000267,2026/03/29,CUST-1067,4K Webcam Pro,2,290.61,US
ORD-000268,2026/03/30,CUST-1068,Smart Watch Series 5,2,249.84,CA
ORD-000269,2026/03/31,CUST-1069,Smart Watch Series 5,2,43.22,BR
ORD-000270,2026/04/01,CUST-1070,Organic Cotton T-Shirt,5,273.91,AU
ORD-000271,2026/04/02,CUST-1071,Wireless Charger Pad,2,257.39,AU
ORD-000272,2026/04/03,CUST-1072,4K Webcam Pro,5,131.63,AU
ORD-000273,2026/04/04,CUST-1073,Ergonomic Office Chair,5,282.55,DE
ORD-000274,2026/04/05,CUST-1074,Yoga Mat Premium,1,141.42,DE
ORD-000275,2026/04/06,CUST-1075,Running Shoes Elite,1,167.59,US
ORD-000276,2026/04/07,CUST-1076,4K Webcam Pro,5,147.13,JP
ORD-000277,2026/04/08,CUST-1077,Noise Cancelling Earbuds,3,176.84,US
ORD-000278,2026/04/09,CUST-1078,4K Webcam Pro,3,258.9,US
ORD-000279,2026/04/10,CUST-1079,Air Purifier Small,4,285.97,CA
ORD-000280,2026/04/11,CUST-1080,Portable Power Bank,3,258.75,US
ORD-000281,2026/04/12,CUST-1081,Monitor Arm Dual,3,41.45,CA
ORD-000282,2026/04/13,CUST-1082,Standing Desk Converter,1,281.37,FR
ORD-000283,2026/04/14,CUST-1083,4K Webcam Pro,3,249.53,CA
ORD-000284,2026/04/15,CUST-1084,Stainless Steel Water Bottle,3,168.32,AU
ORD-000285,2026/04/16,CUST-1085,Mechanical Keyboard RGB,5,169.14,DE
ORD-000286,2026/04/17,CUST-1086,Wireless Charger Pad,1,236.84,AU
ORD-000287,2026/04/18,CUST-1087,Standing Desk Converter,3,125.87,US
ORD-000288,2026/04/19,CUST-1088,Wireless Charger Pad,5,233.04,IN
ORD-000289,2026/04/20,CUST-1089,External SSD 1TB,4,66.36,CN
ORD-000290,2026/04/21,CUST-1090,External SSD 1TB,3,153.69,CA
ORD-000291,2026/04/22,CUST-1091,Noise Cancelling Earbuds,4,57.19,BR
ORD-000292,2026/04/23,CUST-1092,Mechanical Keyboard RGB,1,125.68,US
ORD-000293,2026/04/24,CUST-1093,Noise Cancelling Earbuds,4,207.56,US
ORD-000294,2026/04/25,CUST-1094,Smart Watch Series 5,3,211.14,CN
ORD-000295,2026/04/26,CUST-1095,Wireless Charger Pad,2,44.59,DE
ORD-000296,2026/04/27,CUST-1096,Monitor Arm Dual,5,101.65,BR
ORD-000297,2026/04/28,CUST-1097,Wireless Charger Pad,1,236.45,JP
ORD-000298,2026/04/29,CUST-1098,Mechanical Keyboard RGB,5,238.77,UK
ORD-000299,2026/04/30,CUST-1099,Standing Desk Converter,4,100.08,CA
ORD-000300,2026/05/01,CUST-1100,Wireless Charger Pad,3,85.91,UK
ORD-000301,2026/05/02,CUST-1101,Noise Cancelling Earbuds,5,265.91,CN
ORD-000302,2026/05/03,CUST-1102,External SSD 1TB,4,200.76,DE
ORD-000303,2026/05/04,CUST-1103,Running Shoes Elite,1,194.91,CN
ORD-000304,2026/05/05,CUST-1104,Wireless Headphones Pro,5,93.51,JP
ORD-000305,2026/05/06,CUST-1105,Mechanical Keyboard RGB,3,82.67,AU
ORD-000306,2026/05/07,CUST-1106,Bluetooth Speaker Mini,2,33.39,US
ORD-000307,2026/05/08,CUST-1107,LED Desk Lamp,4,211.79,US
ORD-000308,2026/05/09,CUST-1108,Noise Cancelling Earbuds,4,284.02,DE
ORD-000309,2026/05/10,CUST-1109,Wireless Headphones Pro,2,195.8,UK
ORD-000310,2026/05/11,CUST-1110,Wireless Headphones Pro,5,114.85,FR
ORD-000311,2026/05/12,CUST-1111,Wireless Mouse Silent,3,138.87,BR
ORD-000312,2026/05/13,CUST-1112,Standing Desk Converter,4,95.93,BR
ORD-000313,2026/05/14,CUST-1113,Stainless Steel Water Bottle,3,277.29,CN
ORD-000314,2026/05/15,CUST-1114,External SSD 1TB,1,32.83,US
ORD-000315,2026/05/16,CUST-1115,LED Desk Lamp,4,184.87,CA
ORD-000316,2026/05/17,CUST-1116,Mechanical Keyboard RGB,5,229.7,US
ORD-000317,2026/05/18,CUST-1117,External SSD 1TB,5,164.04,BR
ORD-000318,2026/05/19,CUST-1118,Organic Cotton T-Shirt,3,122.3,DE
ORD-000319,2026/05/20,CUST-1119,Bluetooth Speaker Mini,4,81.06,IN
ORD-000320,2026/05/21,CUST-1120,Yoga Mat Premium,1,254.16,CA
ORD-000321,2026/05/22,CUST-1121,Mechanical Keyboard RGB,1,238.96,CN
ORD-000322,2026/05/23,CUST-1122,Noise Cancelling Earbuds,2,30.38,CN
ORD-000323,2026/05/24,CUST-1123,Stainless Steel Water Bottle,3,247.51,DE
ORD-000324,2026/05/25,CUST-1124,Wireless Charger Pad,4,81.74,IN
ORD-000325,2026/05/26,CUST-1125,Monitor Arm Dual,1,72.64,FR
ORD-000326,2026/05/27,CUST-1126,Wireless Headphones Pro,2,49.04,AU
ORD-000327,2026/05/28,CUST-1127,Running Shoes Elite,4,67.03,DE
ORD-000328,2026/05/29,CUST-1128,Wireless Headphones Pro,5,224.53,US
ORD-000329,2026/05/30,CUST-1129,Ergonomic Office Chair,5,99.76,IN
ORD-000330,2026/05/31,CUST-1130,Noise Cancelling Earbuds,5,244.14,UK
ORD-000331,2026/06/01,CUST-1131,Standing Desk Converter,1,153.62,DE
ORD-000332,2026/06/02,CUST-1132,Organic Cotton T-Shirt,5,55.87,UK
ORD-000333,2026/06/03,CUST-1133,Portable Power Bank,5,74.49,JP
ORD-000334,2026/06/04,CUST-1134,Monitor Arm Dual,5,117.11,FR
ORD-000335,2026/06/05,CUST-1135,Running Shoes Elite,2,114.92,AU
ORD-000336,2026/06/06,CUST-1136,Monitor Arm Dual,1,255.9,CN
ORD-000337,2026/06/07,CUST-1137,Ergonomic Office Chair,1,285.72,UK
ORD-000338,2026/06/08,CUST-1138,Running Shoes Elite,5,111.38,US
ORD-000339,2026/06/09,CUST-1139,Standing Desk Converter,4,124.7,FR
ORD-000340,2026/06/10,CUST-1140,Wireless Mouse Silent,3,204.83,DE
ORD-000341,2026/06/11,CUST-1141,Wireless Mouse Silent,4,78.1,JP
ORD-000342,2026/06/12,CUST-1142,Air Purifier Small,2,157.77,IN
ORD-000343,2026/06/13,CUST-1143,Running Shoes Elite,1,182.94,UK
ORD-000344,2026/06/14,CUST-1144,Wireless Charger Pad,4,34.45,AU
ORD-000345,2026/06/15,CUST-1145,Noise Cancelling Earbuds,4,141.19,UK
ORD-000346,2026/06/16,CUST-1146,Wireless Mouse Silent,2,37.23,CA
ORD-000347,2026/06/17,CUST-1147,Mechanical Keyboard RGB,4,216.96,DE
ORD-000348,2026/06/18,CUST-1148,Running Shoes Elite,4,119.12,JP
ORD-000349,2026/06/19,CUST-1149,Running Shoes Elite,2,117.07,US
ORD-000350,2026/06/20,CUST-1150,Air Purifier Small,1,216.23,BR
ORD-000351,2026/06/21,CUST-1151,LED Desk Lamp,2,281.02,DE
ORD-000352,2026/06/22,CUST-1152,Portable Power Bank,3,86.72,US
ORD-000353,2026/06/23,CUST-1153,Wireless Charger Pad,2,98.09,IN
ORD-000354,2026/06/24,CUST-1154,4K Webcam Pro,4,59.63,CA
ORD-000355,2026/06/25,CUST-1155,Noise Cancelling Earbuds,3,234.36,AU
ORD-000356,2026/06/26,CUST-1156,4K Webcam Pro,1,251.6,UK
ORD-000357,2026/06/27,CUST-1157,Noise Cancelling Earbuds,3,181.21,IN
ORD-000358,2026/06/28,CUST-1158,Smart Watch Series 5,4,57.72,IN
ORD-000359,2026/06/29,CUST-1159,Air Purifier Small,4,209.03,BR
ORD-000360,2026/01/01,CUST-1160,Stainless Steel Water Bottle,2,286.99,IN
ORD-000361,2026/01/02,CUST-1161,4K Webcam Pro,5,142.07,CA
ORD-000362,2026/01/03,CUST-1162,Wireless Mouse Silent,3,55.48,AU
ORD-000363,2026/01/04,CUST-1163,4K Webcam Pro,2,68.3,UK
ORD-000364,2026/01/05,CUST-1164,External SSD 1TB,4,168.83,UK
ORD-000365,2026/01/06,CUST-1165,Air Purifier Small,2,77.67,CA
ORD-000366,2026/01/07,CUST-1166,Portable Power Bank,5,167.51,AU
ORD-000367,2026/01/08,CUST-1167,LED Desk Lamp,4,157.0,CA
ORD-000368,2026/01/09,CUST-1168,Mechanical Keyboard RGB,4,175.63,IN
ORD-000369,2026/01/10,CUST-1169,Yoga Mat Premium,3,290.62,BR
ORD-000370,2026/01/11,CUST-1170,Yoga Mat Premium,5,42.92,UK
ORD-000371,2026/01/12,CUST-1171,Organic Cotton T-Shirt,5,58.3,DE
ORD-000372,2026/01/13,CUST-1172,Monitor Arm Dual,1,141.34,AU
ORD-000373,2026/01/14,CUST-1173,Organic Cotton T-Shirt,5,291.76,US
ORD-000374,2026/01/15,CUST-1174,Portable Power Bank,2,64.49,CA
ORD-000375,2026/01/16,CUST-1175,Monitor Arm Dual,4,239.38,IN
ORD-000376,2026/01/17,CUST-1176,Noise Cancelling Earbuds,2,120.76,DE
ORD-000377,2026/01/18,CUST-1177,Monitor Arm Dual,2,276.34,UK
ORD-000378,2026/01/19,CUST-1178,Monitor Arm Dual,3,185.78,DE
ORD-000379,2026/01/20,CUST-1179,Smart Watch Series 5,4,105.56,CN
ORD-000380,2026/01/21,CUST-1180,Bluetooth Speaker Mini,4,205.18,CA
ORD-000381,2026/01/22,CUST-1181,4K Webcam Pro,2,31.85,AU
ORD-000382,2026/01/23,CUST-1182,Monitor Arm Dual,2,152.17,CA
ORD-000383,2026/01/24,CUST-1183,Mechanical Keyboard RGB,5,220.04,CA
ORD-000384,2026/01/25,CUST-1184,Organic Cotton T-Shirt,5,280.09,AU
ORD-000385,2026/01/26,CUST-1185,Organic Cotton T-Shirt,4,116.2,AU
ORD-000386,2026/01/27,CUST-1186,Portable Power Bank,4,252.6,CA
ORD-000387,2026/01/28,CUST-1187,LED Desk Lamp,5,212.53,DE
ORD-000388,2026/01/29,CUST-1188,External SSD 1TB,1,181.07,AU
ORD-000389,2026/01/30,CUST-1189,Yoga Mat Premium,4,104.14,US
ORD-000390,2026/01/31,CUST-1190,Bluetooth Speaker Mini,4,252.41,JP
ORD-000391,2026/02/01,CUST-1191,LED Desk Lamp,5,42.73,AU
ORD-000392,2026/02/02,CUST-1192,Air Purifier Small,3,224.5,CA
ORD-000393,2026/02/03,CUST-1193,LED Desk Lamp,2,268.64,IN
ORD-000394,2026/02/04,CUST-1194,Yoga Mat Premium,4,43.66,CN
ORD-000395,2026/02/05,CUST-1195,Wireless Headphones Pro,1,282.15,CN
ORD-000396,2026/02/06,CUST-1196,Leather Wallet Classic,5,117.77,UK
ORD-000397,2026/02/07,CUST-1197,Organic Cotton T-Shirt,3,296.63,UK
ORD-000398,2026/02/08,CUST-1198,Noise Cancelling Earbuds,5,157.24,DE
ORD-000399,2026/02/09,CUST-1199,Running Shoes Elite,1,182.8,US
ORD-000400,2026/02/10,CUST-1000,Ergonomic Office Chair,1,89.14,US
ORD-000401,2026/02/11,CUST-1001,Organic Cotton T-Shirt,1,243.05,UK
ORD-000402,2026/02/12,CUST-1002,Smart Watch Series 5,2,295.86,UK
ORD-000403,2026/02/13,CUST-1003,Portable Power Bank,3,109.36,BR
ORD-000404,2026/02/14,CUST-1004,Running Shoes Elite,1,155.9,AU
ORD-000405,2026/02/15,CUST-1005,Smart Watch Series 5,4,201.06,UK
ORD-000406,2026/02/16,CUST-1006,Organic Cotton T-Shirt,1,102.34,JP
ORD-000407,2026/02/17,CUST-1007,Wireless Headphones Pro,4,250.63,US
ORD-000408,2026/02/18,CUST-1008,Bluetooth Speaker Mini,2,96.53,CN
ORD-000409,2026/02/19,CUST-1009,Portable Power Bank,5,39.98,CN
ORD-000410,2026/02/20,CUST-1010,Mechanical Keyboard RGB,5,74.05,AU
ORD-000411,2026/02/21,CUST-1011,Stainless Steel Water Bottle,1,145.92,CN
ORD-000412,2026/02/22,CUST-1012,LED Desk Lamp,5,121.0,UK
ORD-000413,2026/02/23,CUST-1013,External SSD 1TB,3,252.9,DE
ORD-000414,2026/02/24,CUST-1014,Leather Wallet Classic,5,81.55,CN
ORD-000415,2026/02/25,CUST-1015,Organic Cotton T-Shirt,2,225.75,US
ORD-000416,2026/02/26,CUST-1016,Mechanical Keyboard RGB,2,124.6,FR
ORD-000417,2026/02/27,CUST-1017,LED Desk Lamp,5,293.56,CN
ORD-000418,2026/02/28,CUST-1018,Ergonomic Office Chair,2,69.05,UK
ORD-000419,2026/03/01,CUST-1019,Stainless Steel Water Bottle,5,103.17,DE
ORD-000420,2026/03/02,CUST-1020,Wireless Mouse Silent,2,188.1,FR
ORD-000421,2026/03/03,CUST-1021,Organic Cotton T-Shirt,3,220.53,CA
ORD-000422,2026/03/04,CUST-1022,Standing Desk Converter,4,233.89,IN
ORD-000423,2026/03/05,CUST-1023,Smart Watch Series 5,5,100.72,IN
ORD-000424,2026/03/06,CUST-1024,Mechanical Keyboard RGB,1,128.09,CN
ORD-000425,2026/03/07,CUST-1025,LED Desk Lamp,2,157.91,UK
ORD-000426,2026/03/08,CUST-1026,4K Webcam Pro,2,141.85,UK
ORD-000427,2026/03/09,CUST-1027,Noise Cancelling Earbuds,2,233.47,FR
ORD-000428,2026/03/10,CUST-1028,Noise Cancelling Earbuds,5,282.65,US
ORD-000429,2026/03/11,CUST-1029,Ergonomic Office Chair,3,103.81,BR
ORD-000430,2026/03/12,CUST-1030,Standing Desk Converter,2,263.04,CN
ORD-000431,2026/03/13,CUST-1031,Ergonomic Office Chair,4,264.07,DE
ORD-000432,2026/03/14,CUST-1032,Wireless Charger Pad,5,58.09,DE
ORD-000433,2026/03/15,CUST-1033,Mechanical Keyboard RGB,5,160.24,CA
ORD-000434,2026/03/16,CUST-1034,Smart Watch Series 5,3,173.35,US
ORD-000435,2026/03/17,CUST-1035,Wireless Mouse Silent,3,30.46,DE
ORD-000436,2026/03/18,CUST-1036,Wireless Charger Pad,5,41.76,UK
ORD-000437,2026/03/19,CUST-1037,Portable Power Bank,3,188.18,FR
ORD-000438,2026/03/20,CUST-1038,Noise Cancelling Earbuds,2,138.78,CN
ORD-000439,2026/03/21,CUST-1039,Yoga Mat Premium,2,132.81,CA
ORD-000440,2026/03/22,CUST-1040,Mechanical Keyboard RGB,3,153.21,BR
ORD-000441,2026/03/23,CUST-1041,Monitor Arm Dual,2,117.4,US
ORD-000442,2026/03/24,CUST-1042,Leather Wallet Classic,2,227.56,US
ORD-000443,2026/03/25,CUST-1043,Mechanical Keyboard RGB,1,125.52,BR
ORD-000444,2026/03/26,CUST-1044,Wireless Mouse Silent,2,91.86,JP
ORD-000445,2026/03/27,CUST-1045,Mechanical Keyboard RGB,4,158.54,JP
ORD-000446,2026/03/28,CUST-1046,Ergonomic Office Chair,2,233.56,BR
ORD-000447,2026/03/29,CUST-1047,Standing Desk Converter,2,193.34,IN
ORD-000448,2026/03/30,CUST-1048,Smart Watch Series 5,3,51.55,CN
ORD-000449,2026/03/31,CUST-1049,Running Shoes Elite,1,208.25,DE
ORD-000450,2026/04/01,CUST-1050,Wireless Headphones Pro,1,123.87,BR
ORD-000451,2026/04/02,CUST-1051,Bluetooth Speaker Mini,5,182.08,IN
ORD-000452,2026/04/03,CUST-1052,Ergonomic Office Chair,5,285.09,FR
ORD-000453,2026/04/04,CUST-1053,Wireless Headphones Pro,5,94.14,CA
ORD-000454,2026/04/05,CUST-1054,Wireless Mouse Silent,5,190.01,US
ORD-000455,2026/04/06,CUST-1055,Smart Watch Series 5,5,264.25,JP
ORD-000456,2026/04/07,CUST-1056,Wireless Mouse Silent,1,285.64,BR
ORD-000457,2026/04/08,CUST-1057,Portable Power Bank,4,237.24,DE
ORD-000458,2026/04/09,CUST-1058,Wireless Headphones Pro,1,253.27,AU
ORD-000459,2026/04/10,CUST-1059,Smart Watch Series 5,1,250.33,CN
ORD-000460,2026/04/11,CUST-1060,LED Desk Lamp,4,260.94,JP
ORD-000461,2026/04/12,CUST-1061,4K Webcam Pro,3,220.53,JP
ORD-000462,2026/04/13,CUST-1062,Yoga Mat Premium,5,183.43,UK
ORD-000463,2026/04/14,CUST-1063,Wireless Mouse Silent,1,145.17,IN
ORD-000464,2026/04/15,CUST-1064,Organic Cotton T-Shirt,5,260.25,US
ORD-000465,2026/04/16,CUST-1065,LED Desk Lamp,5,260.72,FR
ORD-000466,2026/04/17,CUST-1066,4K Webcam Pro,4,221.46,JP
ORD-000467,2026/04/18,CUST-1067,Bluetooth Speaker Mini,4,231.73,BR
ORD-000468,2026/04/19,CUST-1068,Bluetooth Speaker Mini,3,156.92,JP
ORD-000469,2026/04/20,CUST-1069,Smart Watch Series 5,5,212.1,CA
ORD-000470,2026/04/21,CUST-1070,Smart Watch Series 5,4,175.81,AU
ORD-000471,2026/04/22,CUST-1071,Wireless Headphones Pro,2,144.11,US
ORD-000472,2026/04/23,CUST-1072,Ergonomic Office Chair,3,113.19,CN
ORD-000473,2026/04/24,CUST-1073,Bluetooth Speaker Mini,4,211.83,CN
ORD-000474,2026/04/25,CUST-1074,Monitor Arm Dual,1,52.45,DE
ORD-000475,2026/04/26,CUST-1075,Mechanical Keyboard RGB,3,227.43,AU
ORD-000476,2026/04/27,CUST-1076,Air Purifier Small,5,219.61,CN
ORD-000477,2026/04/28,CUST-1077,4K Webcam Pro,1,38.82,CA
ORD-000478,2026/04/29,CUST-1078,Noise Cancelling Earbuds,5,174.67,FR
ORD-000479,2026/04/30,CUST-1079,Yoga Mat Premium,5,94.2,CA
ORD-000480,2026/05/01,CUST-1080,External SSD 1TB,5,131.11,CA
ORD-000481,2026/05/02,CUST-1081,Wireless Charger Pad,5,214.28,CN
ORD-000482,2026/05/03,CUST-1082,External SSD 1TB,4,65.78,US
ORD-000483,2026/05/04,CUST-1083,Leather Wallet Classic,1,88.11,CN
ORD-000484,2026/05/05,CUST-1084,Bluetooth Speaker Mini,4,160.13,JP
ORD-000485,2026/05/06,CUST-1085,Bluetooth Speaker Mini,1,185.65,UK
ORD-000486,2026/05/07,CUST-1086,Wireless Headphones Pro,4,53.41,AU
ORD-000487,2026/05/08,CUST-1087,Ergonomic Office Chair,3,161.18,US
ORD-000488,2026/05/09,CUST-1088,Monitor Arm Dual,2,160.68,CA
ORD-000489,2026/05/10,CUST-1089,Organic Cotton T-Shirt,2,262.76,IN
ORD-000490,2026/05/11,CUST-1090,Ergonomic Office Chair,1,60.02,IN
ORD-000491,2026/05/12,CUST-1091,Air Purifier Small,1,191.29,DE
ORD-000492,2026/05/13,CUST-1092,4K Webcam Pro,5,234.45,UK
ORD-000493,2026/05/14,CUST-1093,Running Shoes Elite,5,153.14,BR
ORD-000494,2026/05/15,CUST-1094,Monitor Arm Dual,4,282.67,BR
ORD-000495,2026/05/16,CUST-1095,Standing Desk Converter,4,221.07,BR
ORD-000496,2026/05/17,CUST-1096,Mechanical Keyboard RGB,1,30.98,CA
ORD-000497,2026/05/18,CUST-1097,4K Webcam Pro,1,167.19,DE
ORD-000498,2026/05/19,CUST-1098,4K Webcam Pro,3,63.78,US
ORD-000499,2026/05/20,CUST-1099,Monitor Arm Dual,5,141.09,BR
ORD-000500,2026/05/21,CUST-1100,Leather Wallet Classic,5,151.94,DE
ORD-000501,2026/05/22,CUST-1101,Monitor Arm Dual,4,123.99,IN
ORD-000502,2026/05/23,CUST-1102,Wireless Charger Pad,3,82.95,US
ORD-000503,2026/05/24,CUST-1103,Portable Power Bank,1,62.33,US
ORD-000504,2026/05/25,CUST-1104,Portable Power Bank,1,138.79,JP
ORD-000505,2026/05/26,CUST-1105,Bluetooth Speaker Mini,4,224.54,UK
ORD-000506,2026/05/27,CUST-1106,Leather Wallet Classic,4,206.82,CA
ORD-000507,2026/05/28,CUST-1107,Noise Cancelling Earbuds,5,53.02,IN
ORD-000508,2026/05/29,CUST-1108,Running Shoes Elite,1,295.51,UK
ORD-000509,2026/05/30,CUST-1109,Organic Cotton T-Shirt,3,155.63,JP
ORD-000510,2026/05/31,CUST-1110,LED Desk Lamp,3,206.72,BR
ORD-000511,2026/06/01,CUST-1111,Standing Desk Converter,3,99.87,CA
ORD-000512,2026/06/02,CUST-1112,LED Desk Lamp,3,197.55,FR
ORD-000513,2026/06/03,CUST-1113,Wireless Headphones Pro,1,283.54,UK
ORD-000514,2026/06/04,CUST-1114,Smart Watch Series 5,1,193.53,CA
ORD-000515,2026/06/05,CUST-1115,Wireless Charger Pad,3,100.83,JP
ORD-000516,2026/06/06,CUST-1116,Bluetooth Speaker Mini,4,224.35,UK
ORD-000517,2026/06/07,CUST-1117,Wireless Headphones Pro,3,115.68,CN
ORD-000518,2026/06/08,CUST-1118,Noise Cancelling Earbuds,4,248.73,US
ORD-000519,2026/06/09,CUST-1119,External SSD 1TB,3,285.77,BR
ORD-000520,2026/06/10,CUST-1120,Air Purifier Small,3,69.46,DE
ORD-000521,2026/06/11,CUST-1121,Portable Power Bank,3,155.9,JP
ORD-000522,2026/06/12,CUST-1122,Smart Watch Series 5,2,277.15,US
ORD-000523,2026/06/13,CUST-1123,Organic Cotton T-Shirt,2,244.67,JP
ORD-000524,2026/06/14,CUST-1124,Leather Wallet Classic,4,223.47,FR
ORD-000525,2026/06/15,CUST-1125,4K Webcam Pro,1,268.54,FR
ORD-000526,2026/06/16,CUST-1126,Stainless Steel Water Bottle,4,42.74,CA
ORD-000527,2026/06/17,CUST-1127,Organic Cotton T-Shirt,4,62.42,JP
ORD-000528,2026/06/18,CUST-1128,Wireless Headphones Pro,1,282.76,US
ORD-000529,2026/06/19,CUST-1129,Monitor Arm Dual,2,136.21,CA
ORD-000530,2026/06/20,CUST-1130,Running Shoes Elite,1,72.91,UK
ORD-000531,2026/06/21,CUST-1131,Wireless Headphones Pro,5,209.04,DE
ORD-000532,2026/06/22,CUST-1132,Noise Cancelling Earbuds,5,296.1,FR
ORD-000533,2026/06/23,CUST-1133,Portable Power Bank,3,113.41,BR
ORD-000534,2026/06/24,CUST-1134,External SSD 1TB,4,83.14,CA
ORD-000535,2026/06/25,CUST-1135,Air Purifier Small,5,186.53,CN
ORD-000536,2026/06/26,CUST-1136,Wireless Headphones Pro,5,283.92,BR
ORD-000537,2026/06/27,CUST-1137,Yoga Mat Premium,5,184.27,CA
ORD-000538,2026/06/28,CUST-1138,Organic Cotton T-Shirt,1,84.55,IN
ORD-000539,2026/06/29,CUST-1139,Leather Wallet Classic,2,161.66,IN
ORD-000540,2026/01/01,CUST-1140,Ergonomic Office Chair,2,217.74,US
ORD-000541,2026/01/02,CUST-1141,Smart Watch Series 5,2,158.83,DE
ORD-000542,2026/01/03,CUST-1142,Wireless Mouse Silent,3,170.24,JP
ORD-000543,2026/01/04,CUST-1143,Leather Wallet Classic,1,95.65,CA
ORD-000544,2026/01/05,CUST-1144,Portable Power Bank,2,109.34,IN
ORD-000545,2026/01/06,CUST-1145,Bluetooth Speaker Mini,4,181.98,DE
ORD-000546,2026/01/07,CUST-1146,Noise Cancelling Earbuds,3,157.41,UK
ORD-000547,2026/01/08,CUST-1147,4K Webcam Pro,1,154.33,AU
ORD-000548,2026/01/09,CUST-1148,Wireless Mouse Silent,4,76.99,CA
ORD-000549,2026/01/10,CUST-1149,Mechanical Keyboard RGB,2,115.28,BR
ORD-000550,2026/01/11,CUST-1150,Wireless Headphones Pro,5,184.24,UK
ORD-000551,2026/01/12,CUST-1151,Standing Desk Converter,1,152.49,DE
ORD-000552,2026/01/13,CUST-1152,4K Webcam Pro,4,106.66,CN
ORD-000553,2026/01/14,CUST-1153,Yoga Mat Premium,2,97.93,AU
ORD-000554,2026/01/15,CUST-1154,Smart Watch Series 5,4,100.73,US
ORD-000555,2026/01/16,CUST-1155,Air Purifier Small,4,279.04,FR
ORD-000556,2026/01/17,CUST-1156,Yoga Mat Premium,4,46.5,CA
ORD-000557,2026/01/18,CUST-1157,Running Shoes Elite,5,193.24,DE
ORD-000558,2026/01/19,CUST-1158,Wireless Headphones Pro,1,84.69,CA
ORD-000559,2026/01/20,CUST-1159,Organic Cotton T-Shirt,5,206.69,UK
ORD-000560,2026/01/21,CUST-1160,External SSD 1TB,5,282.74,DE
ORD-000561,2026/01/22,CUST-1161,Air Purifier Small,4,106.2,FR
ORD-000562,2026/01/23,CUST-1162,Wireless Charger Pad,1,222.27,US
ORD-000563,2026/01/24,CUST-1163,Wireless Headphones Pro,3,93.98,US
ORD-000564,2026/01/25,CUST-1164,Standing Desk Converter,3,88.2,JP
ORD-000565,2026/01/26,CUST-1165,4K Webcam Pro,1,134.01,FR
ORD-000566,2026/01/27,CUST-1166,Organic Cotton T-Shirt,4,270.18,BR
ORD-000567,2026/01/28,CUST-1167,Bluetooth Speaker Mini,4,67.62,DE
ORD-000568,2026/01/29,CUST-1168,External SSD 1TB,5,298.11,FR
ORD-000569,2026/01/30,CUST-1169,Stainless Steel Water Bottle,4,161.66,CN
ORD-000570,2026/01/31,CUST-1170,External SSD 1TB,1,62.09,US
ORD-000571,2026/02/01,CUST-1171,Running Shoes Elite,4,148.11,FR
ORD-000572,2026/02/02,CUST-1172,Stainless Steel Water Bottle,2,84.21,DE
ORD-000573,2026/02/03,CUST-1173,Stainless Steel Water Bottle,1,213.59,UK
ORD-000574,2026/02/04,CUST-1174,Leather Wallet Classic,4,187.52,BR
ORD-000575,2026/02/05,CUST-1175,4K Webcam Pro,1,199.67,DE
ORD-000576,2026/02/06,CUST-1176,Stainless Steel Water Bottle,3,183.99,US
ORD-000577,2026/02/07,CUST-1177,Bluetooth Speaker Mini,1,50.1,AU
ORD-000578,2026/02/08,CUST-1178,Standing Desk Converter,1,275.12,IN
ORD-000579,2026/02/09,CUST-1179,Bluetooth Speaker Mini,5,72.25,DE
ORD-000580,2026/02/10,CUST-1180,Mechanical Keyboard RGB,5,106.17,UK
ORD-000581,2026/02/11,CUST-1181,Portable Power Bank,4,288.58,UK
ORD-000582,2026/02/12,CUST-1182,Noise Cancelling Earbuds,4,207.86,CA
ORD-000583,2026/02/13,CUST-1183,Smart Watch Series 5,5,295.95,BR
ORD-000584,2026/02/14,CUST-1184,4K Webcam Pro,4,86.49,FR
ORD-000585,2026/02/15,CUST-1185,Bluetooth Speaker Mini,1,43.26,JP
ORD-000586,2026/02/16,CUST-1186,Wireless Headphones Pro,2,288.08,CA
ORD-000587,2026/02/17,CUST-1187,Organic Cotton T-Shirt,2,294.12,JP
ORD-000588,2026/02/18,CUST-1188,Air Purifier Small,4,56.96,IN
ORD-000589,2026/02/19,CUST-1189,Air Purifier Small,1,233.65,BR
ORD-000590,2026/02/20,CUST-1190,Wireless Mouse Silent,2,291.72,AU
ORD-000591,2026/02/21,CUST-1191,Running Shoes Elite,1,258.57,US
ORD-000592,2026/02/22,CUST-1192,External SSD 1TB,3,54.79,CA
ORD-000593,2026/02/23,CUST-1193,Noise Cancelling Earbuds,2,97.97,CA
ORD-000594,2026/02/24,CUST-1194,Portable Power Bank,2,30.34,DE
ORD-000595,2026/02/25,CUST-1195,Standing Desk Converter,5,166.12,FR
ORD-000596,2026/02/26,CUST-1196,External SSD 1TB,5,175.16,US
ORD-000597,2026/02/27,CUST-1197,External SSD 1TB,2,274.36,BR
ORD-000598,2026/02/28,CUST-1198,Wireless Charger Pad,2,277.61,UK
ORD-000599,2026/03/01,CUST-1199,Portable Power Bank,2,245.26,JP
ORD-000600,2026/03/02,CUST-1000,Mechanical Keyboard RGB,2,281.2,JP
ORD-000601,2026/03/03,CUST-1001,Portable Power Bank,4,264.99,IN
ORD-000602,2026/03/04,CUST-1002,4K Webcam Pro,4,243.39,IN
ORD-000603,2026/03/05,CUST-1003,Running Shoes Elite,4,30.17,CA
ORD-000604,2026/03/06,CUST-1004,Stainless Steel Water Bottle,5,60.21,BR
ORD-000605,2026/03/07,CUST-1005,Monitor Arm Dual,1,274.54,DE
ORD-000606,2026/03/08,CUST-1006,Yoga Mat Premium,1,174.22,US
ORD-000607,2026/03/09,CUST-1007,Organic Cotton T-Shirt,3,44.59,BR
ORD-000608,2026/03/10,CUST-1008,Air Purifier Small,4,227.77,CN
ORD-000609,2026/03/11,CUST-1009,Air Purifier Small,5,101.91,DE
ORD-000610,2026/03/12,CUST-1010,Yoga Mat Premium,3,63.24,CA
ORD-000611,2026/03/13,CUST-1011,Running Shoes Elite,5,125.18,CN
ORD-000612,2026/03/14,CUST-1012,Yoga Mat Premium,1,111.7,US
ORD-000613,2026/03/15,CUST-1013,Standing Desk Converter,4,283.41,CA
ORD-000614,2026/03/16,CUST-1014,External SSD 1TB,4,293.72,UK
ORD-000615,2026/03/17,CUST-1015,4K Webcam Pro,3,291.45,IN
ORD-000616,2026/03/18,CUST-1016,Standing Desk Converter,1,142.65,DE
ORD-000617,2026/03/19,CUST-1017,Portable Power Bank,2,223.58,JP
ORD-000618,2026/03/20,CUST-1018,Wireless Charger Pad,5,155.51,BR
ORD-000619,2026/03/21,CUST-1019,Mechanical Keyboard RGB,3,76.86,BR
ORD-000620,2026/03/22,CUST-1020,Standing Desk Converter,2,64.83,CA
ORD-000621,2026/03/23,CUST-1021,Noise Cancelling Earbuds,5,239.89,AU
ORD-000622,2026/03/24,CUST-1022,Standing Desk Converter,2,285.69,DE
ORD-000623,2026/03/25,CUST-1023,External SSD 1TB,4,233.8,IN
ORD-000624,2026/03/26,CUST-1024,Smart Watch Series 5,5,97.07,AU
ORD-000625,2026/03/27,CUST-1025,Wireless Mouse Silent,4,265.91,JP
ORD-000626,2026/03/28,CUST-1026,Wireless Charger Pad,2,278.28,UK
ORD-000627,2026/03/29,CUST-1027,4K Webcam Pro,2,187.01,DE
ORD-000628,2026/03/30,CUST-1028,Wireless Headphones Pro,2,270.32,CN
ORD-000629,2026/03/31,CUST-1029,Yoga Mat Premium,3,111.8,US
ORD-000630,2026/04/01,CUST-1030,Air Purifier Small,4,261.77,UK
ORD-000631,2026/04/02,CUST-1031,Monitor Arm Dual,5,127.03,US
ORD-000632,2026/04/03,CUST-1032,Running Shoes Elite,1,260.42,IN
ORD-000633,2026/04/04,CUST-1033,Yoga Mat Premium,3,71.83,AU
ORD-000634,2026/04/05,CUST-1034,Portable Power Bank,3,76.57,AU
ORD-000635,2026/04/06,CUST-1035,Wireless Headphones Pro,3,259.75,IN
ORD-000636,2026/04/07,CUST-1036,Leather Wallet Classic,3,126.44,DE
ORD-000637,2026/04/08,CUST-1037,Smart Watch Series 5,1,256.23,UK
ORD-000638,2026/04/09,CUST-1038,Yoga Mat Premium,1,122.25,JP
ORD-000639,2026/04/10,CUST-1039,Leather Wallet Classic,1,232.5,AU
ORD-000640,2026/04/11,CUST-1040,Yoga Mat Premium,3,239.76,IN
ORD-000641,2026/04/12,CUST-1041,Stainless Steel Water Bottle,5,176.18,JP
ORD-000642,2026/04/13,CUST-1042,Wireless Mouse Silent,1,110.12,BR
ORD-000643,2026/04/14,CUST-1043,Noise Cancelling Earbuds,3,184.4,US
ORD-000644,2026/04/15,CUST-1044,Mechanical Keyboard RGB,5,113.89,CA
ORD-000645,2026/04/16,CUST-1045,Bluetooth Speaker Mini,4,169.57,FR
ORD-000646,2026/04/17,CUST-1046,Portable Power Bank,3,188.76,CN
ORD-000647,2026/04/18,CUST-1047,Wireless Charger Pad,1,63.91,CN
ORD-000648,2026/04/19,CUST-1048,Ergonomic Office Chair,4,150.43,AU
ORD-000649,2026/04/20,CUST-1049,Wireless Mouse Silent,2,255.42,IN
ORD-000650,2026/04/21,CUST-1050,External SSD 1TB,5,174.43,CN
ORD-000651,2026/04/22,CUST-1051,Ergonomic Office Chair,2,123.45,US
ORD-000652,2026/04/23,CUST-1052,4K Webcam Pro,1,63.56,IN
ORD-000653,2026/04/24,CUST-1053,Smart Watch Series 5,1,292.5,DE
ORD-000654,2026/04/25,CUST-1054,Wireless Headphones Pro,1,66.23,JP
ORD-000655,2026/04/26,CUST-1055,External SSD 1TB,4,192.19,CN
ORD-000656,2026/04/27,CUST-1056,Wireless Headphones Pro,3,74.85,AU
ORD-000657,2026/04/28,CUST-1057,Running Shoes Elite,1,151.09,CA
ORD-000658,2026/04/29,CUST-1058,Running Shoes Elite,3,30.86,CN
ORD-000659,2026/04/30,CUST-1059,Air Purifier Small,3,293.13,FR
ORD-000660,2026/05/01,CUST-1060,Organic Cotton T-Shirt,4,60.3,DE
ORD-000661,2026/05/02,CUST-1061,Smart Watch Series 5,2,127.75,DE
ORD-000662,2026/05/03,CUST-1062,Monitor Arm Dual,1,165.23,IN
ORD-000663,2026/05/04,CUST-1063,Leather Wallet Classic,3,280.73,BR
ORD-000664,2026/05/05,CUST-1064,4K Webcam Pro,5,288.32,BR
ORD-000665,2026/05/06,CUST-1065,Noise Cancelling Earbuds,1,127.03,FR
ORD-000666,2026/05/07,CUST-1066,Organic Cotton T-Shirt,1,177.71,US
ORD-000667,2026/05/08,CUST-1067,Leather Wallet Classic,4,237.35,AU
ORD-000668,2026/05/09,CUST-1068,4K Webcam Pro,3,121.6,UK
ORD-000669,2026/05/10,CUST-1069,Stainless Steel Water Bottle,5,294.1,JP
ORD-000670,2026/05/11,CUST-1070,Wireless Mouse Silent,2,119.87,AU
ORD-000671,2026/05/12,CUST-1071,Smart Watch Series 5,2,241.93,CA
ORD-000672,2026/05/13,CUST-1072,Bluetooth Speaker Mini,5,39.14,AU
ORD-000673,2026/05/14,CUST-1073,Leather Wallet Classic,1,41.44,JP
ORD-000674,2026/05/15,CUST-1074,Yoga Mat Premium,4,227.21,AU
ORD-000675,2026/05/16,CUST-1075,Stainless Steel Water Bottle,1,219.28,FR
ORD-000676,2026/05/17,CUST-1076,Wireless Charger Pad,5,266.11,US
ORD-000677,2026/05/18,CUST-1077,Organic Cotton T-Shirt,2,180.27,CA
ORD-000678,2026/05/19,CUST-1078,Mechanical Keyboard RGB,3,275.55,UK
ORD-000679,2026/05/20,CUST-1079,Monitor Arm Dual,2,231.94,JP
ORD-000680,2026/05/21,CUST-1080,LED Desk Lamp,4,218.41,CN
ORD-000681,2026/05/22,CUST-1081,Bluetooth Speaker Mini,2,259.12,FR
ORD-000682,2026/05/23,CUST-1082,LED Desk Lamp,4,135.25,CA
ORD-000683,2026/05/24,CUST-1083,LED Desk Lamp,2,140.8,IN
ORD-000684,2026/05/25,CUST-1084,Standing Desk Converter,1,86.96,JP
ORD-000685,2026/05/26,CUST-1085,Ergonomic Office Chair,4,214.09,CA
ORD-000686,2026/05/27,CUST-1086,Ergonomic Office Chair,4,37.51,UK
ORD-000687,2026/05/28,CUST-1087,Ergonomic Office Chair,1,136.13,JP
ORD-000688,2026/05/29,CUST-1088,Organic Cotton T-Shirt,4,158.31,IN
ORD-000689,2026/05/30,CUST-1089,Monitor Arm Dual,1,44.67,AU
ORD-000690,2026/05/31,CUST-1090,Mechanical Keyboard RGB,3,136.53,AU
ORD-000691,2026/06/01,CUST-1091,Wireless Charger Pad,2,255.78,JP
ORD-000692,2026/06/02,CUST-1092,Stainless Steel Water Bottle,1,185.46,JP
ORD-000693,2026/06/03,CUST-1093,4K Webcam Pro,2,161.28,FR
ORD-000694,2026/06/04,CUST-1094,Noise Cancelling Earbuds,3,193.26,JP
ORD-000695,2026/06/05,CUST-1095,Standing Desk Converter,2,48.8,CN
ORD-000696,2026/06/06,CUST-1096,Mechanical Keyboard RGB,3,127.55,AU
ORD-000697,2026/06/07,CUST-1097,LED Desk Lamp,4,79.64,DE
ORD-000698,2026/06/08,CUST-1098,Wireless Charger Pad,5,275.62,US
ORD-000699,2026/06/09,CUST-1099,Noise Cancelling Earbuds,1,95.92,DE
ORD-000700,2026/06/10,CUST-1100,Wireless Charger Pad,5,296.14,DE
ORD-000701,2026/06/11,CUST-1101,Mechanical Keyboard RGB,3,121.68,DE
ORD-000702,2026/06/12,CUST-1102,Running Shoes Elite,3,283.87,CN
ORD-000703,2026/06/13,CUST-1103,Noise Cancelling Earbuds,5,238.69,UK
ORD-000704,2026/06/14,CUST-1104,Bluetooth Speaker Mini,5,206.58,AU
ORD-000705,2026/06/15,CUST-1105,LED Desk Lamp,5,162.81,US
ORD-000706,2026/06/16,CUST-1106,Running Shoes Elite,5,91.94,JP
ORD-000707,2026/06/17,CUST-1107,Wireless Headphones Pro,4,133.92,AU
ORD-000708,2026/06/18,CUST-1108,Monitor Arm Dual,1,252.59,AU
ORD-000709,2026/06/19,CUST-1109,Stainless Steel Water Bottle,1,216.47,US
ORD-000710,2026/06/20,CUST-1110,Smart Watch Series 5,4,102.06,BR
ORD-000711,2026/06/21,CUST-1111,Stainless Steel Water Bottle,5,295.07,DE
ORD-000712,2026/06/22,CUST-1112,Bluetooth Speaker Mini,5,70.96,AU
ORD-000713,2026/06/23,CUST-1113,Wireless Headphones Pro,4,291.25,CA
ORD-000714,2026/06/24,CUST-1114,Bluetooth Speaker Mini,5,86.06,FR
ORD-000715,2026/06/25,CUST-1115,Standing Desk Converter,4,68.55,IN
ORD-000716,2026/06/26,CUST-1116,Standing Desk Converter,3,67.66,CN
ORD-000717,2026/06/27,CUST-1117,Bluetooth Speaker Mini,1,295.91,US
ORD-000718,2026/06/28,CUST-1118,External SSD 1TB,2,282.6,CA
ORD-000719,2026/06/29,CUST-1119,External SSD 1TB,3,287.79,AU
ORD-000720,2026/01/01,CUST-1120,Air Purifier Small,4,289.3,IN
ORD-000721,2026/01/02,CUST-1121,Noise Cancelling Earbuds,4,73.28,BR
ORD-000722,2026/01/03,CUST-1122,Yoga Mat Premium,1,187.92,AU
ORD-000723,2026/01/04,CUST-1123,Leather Wallet Classic,1,227.36,BR
ORD-000724,2026/01/05,CUST-1124,Yoga Mat Premium,4,193.53,BR
ORD-000725,2026/01/06,CUST-1125,Ergonomic Office Chair,2,244.35,BR
ORD-000726,2026/01/07,CUST-1126,Leather Wallet Classic,4,178.09,UK
ORD-000727,2026/01/08,CUST-1127,Organic Cotton T-Shirt,5,190.3,BR
ORD-000728,2026/01/09,CUST-1128,Running Shoes Elite,5,160.46,CA
ORD-000729,2026/01/10,CUST-1129,Running Shoes Elite,1,135.8,AU
ORD-000730,2026/01/11,CUST-1130,Wireless Charger Pad,5,192.09,IN
ORD-000731,2026/01/12,CUST-1131,Stainless Steel Water Bottle,4,130.06,CN
ORD-000732,2026/01/13,CUST-1132,Portable Power Bank,4,177.02,FR
ORD-000733,2026/01/14,CUST-1133,Wireless Headphones Pro,3,150.65,BR
ORD-000734,2026/01/15,CUST-1134,Running Shoes Elite,3,186.58,US
ORD-000735,2026/01/16,CUST-1135,Stainless Steel Water Bottle,4,253.78,UK
ORD-000736,2026/01/17,CUST-1136,Standing Desk Converter,2,85.45,FR
ORD-000737,2026/01/18,CUST-1137,Leather Wallet Classic,4,206.19,UK
ORD-000738,2026/01/19,CUST-1138,Yoga Mat Premium,5,126.21,UK
ORD-000739,2026/01/20,CUST-1139,External SSD 1TB,1,187.57,BR
ORD-000740,2026/01/21,CUST-1140,Monitor Arm Dual,1,80.1,AU
ORD-000741,2026/01/22,CUST-1141,Wireless Headphones Pro,1,36.58,US
ORD-000742,2026/01/23,CUST-1142,Noise Cancelling Earbuds,4,248.94,CA
ORD-000743,2026/01/24,CUST-1143,External SSD 1TB,1,176.91,CN
ORD-000744,2026/01/25,CUST-1144,Wireless Charger Pad,1,214.61,IN
ORD-000745,2026/01/26,CUST-1145,Ergonomic Office Chair,2,59.33,UK
ORD-000746,2026/01/27,CUST-1146,Leather Wallet Classic,3,103.11,JP
ORD-000747,2026/01/28,CUST-1147,Air Purifier Small,3,220.34,JP
ORD-000748,2026/01/29,CUST-1148,Yoga Mat Premium,5,187.92,CN
ORD-000749,2026/01/30,CUST-1149,Mechanical Keyboard RGB,4,173.51,UK
ORD-000750,2026/01/31,CUST-1150,External SSD 1TB,3,122.9,CA
ORD-000751,2026/02/01,CUST-1151,Portable Power Bank,2,32.16,CA
ORD-000752,2026/02/02,CUST-1152,Wireless Headphones Pro,2,135.69,IN
ORD-000753,2026/02/03,CUST-1153,Stainless Steel Water Bottle,3,128.92,US
ORD-000754,2026/02/04,CUST-1154,Organic Cotton T-Shirt,3,208.69,FR
ORD-000755,2026/02/05,CUST-1155,Bluetooth Speaker Mini,5,297.53,IN
ORD-000756,2026/02/06,CUST-1156,Portable Power Bank,3,162.23,JP
ORD-000757,2026/02/07,CUST-1157,LED Desk Lamp,5,110.09,UK
ORD-000758,2026/02/08,CUST-1158,Stainless Steel Water Bottle,5,92.94,US
ORD-000759,2026/02/09,CUST-1159,Leather Wallet Classic,5,103.22,US
ORD-000760,2026/02/10,CUST-1160,Leather Wallet Classic,4,298.45,CN
ORD-000761,2026/02/11,CUST-1161,Bluetooth Speaker Mini,1,131.86,UK
ORD-000762,2026/02/12,CUST-1162,Mechanical Keyboard RGB,3,180.72,DE
ORD-000763,2026/02/13,CUST-1163,Yoga Mat Premium,1,258.9,CA
ORD-000764,2026/02/14,CUST-1164,Organic Cotton T-Shirt,1,288.34,CA
ORD-000765,2026/02/15,CUST-1165,Stainless Steel Water Bottle,3,51.35,CA
ORD-000766,2026/02/16,CUST-1166,Monitor Arm Dual,2,234.1,AU
ORD-000767,2026/02/17,CUST-1167,Wireless Headphones Pro,2,59.98,CA
ORD-000768,2026/02/18,CUST-1168,Wireless Charger Pad,4,151.84,US
ORD-000769,2026/02/19,CUST-1169,Wireless Headphones Pro,5,65.94,US
ORD-000770,2026/02/20,CUST-1170,Standing Desk Converter,5,244.57,UK
ORD-000771,2026/02/21,CUST-1171,Monitor Arm Dual,1,259.2,IN
ORD-000772,2026/02/22,CUST-1172,Air Purifier Small,4,228.89,CA
ORD-000773,2026/02/23,CUST-1173,Stainless Steel Water Bottle,1,177.05,AU
ORD-000774,2026/02/24,CUST-1174,Organic Cotton T-Shirt,3,183.03,BR
ORD-000775,2026/02/25,CUST-1175,Noise Cancelling Earbuds,2,138.36,US
ORD-000776,2026/02/26,CUST-1176,External SSD 1TB,4,48.66,US
ORD-000777,2026/02/27,CUST-1177,4K Webcam Pro,5,50.56,JP
ORD-000778,2026/02/28,CUST-1178,Wireless Charger Pad,2,97.12,US
ORD-000779,2026/03/01,CUST-1179,Noise Cancelling Earbuds,3,224.51,BR
ORD-000780,2026/03/02,CUST-1180,Wireless Charger Pad,4,120.29,US
ORD-000781,2026/03/03,CUST-1181,Wireless Headphones Pro,4,76.05,FR
ORD-000782,2026/03/04,CUST-1182,LED Desk Lamp,4,95.41,IN
ORD-000783,2026/03/05,CUST-1183,LED Desk Lamp,1,274.88,US
ORD-000784,2026/03/06,CUST-1184,Organic Cotton T-Shirt,5,124.67,AU
ORD-000785,2026/03/07,CUST-1185,Organic Cotton T-Shirt,3,110.55,FR
ORD-000786,2026/03/08,CUST-1186,External SSD 1TB,2,129.37,UK
ORD-000787,2026/03/09,CUST-1187,Wireless Charger Pad,4,52.28,BR
ORD-000788,2026/03/10,CUST-1188,Organic Cotton T-Shirt,3,163.08,CA
ORD-000789,2026/03/11,CUST-1189,Wireless Headphones Pro,2,240.85,AU
ORD-000790,2026/03/12,CUST-1190,Monitor Arm Dual,3,63.3,IN
ORD-000791,2026/03/13,CUST-1191,Bluetooth Speaker Mini,3,274.05,IN
ORD-000792,2026/03/14,CUST-1192,Air Purifier Small,4,156.0,AU
ORD-000793,2026/03/15,CUST-1193,LED Desk Lamp,2,249.08,UK
ORD-000794,2026/03/16,CUST-1194,Yoga Mat Premium,5,79.79,BR
ORD-000795,2026/03/17,CUST-1195,Standing Desk Converter,4,68.91,CN
ORD-000796,2026/03/18,CUST-1196,Standing Desk Converter,4,182.3,UK
ORD-000797,2026/03/19,CUST-1197,4K Webcam Pro,1,87.97,US
ORD-000798,2026/03/20,CUST-1198,Air Purifier Small,5,190.78,JP
ORD-000799,2026/03/21,CUST-1199,Monitor Arm Dual,1,72.38,BR
ORD-000800,2026/03/22,CUST-1000,Mechanical Keyboard RGB,5,44.14,DE
ORD-000801,2026/03/23,CUST-1001,Ergonomic Office Chair,4,268.86,UK
ORD-000802,2026/03/24,CUST-1002,Mechanical Keyboard RGB,5,293.17,BR
ORD-000803,2026/03/25,CUST-1003,Noise Cancelling Earbuds,2,284.07,UK
ORD-000804,2026/03/26,CUST-1004,Ergonomic Office Chair,1,295.12,AU
ORD-000805,2026/03/27,CUST-1005,Air Purifier Small,2,204.84,BR
ORD-000806,2026/03/28,CUST-1006,Stainless Steel Water Bottle,2,171.22,CN
ORD-000807,2026/03/29,CUST-1007,Portable Power Bank,3,152.64,UK
ORD-000808,2026/03/30,CUST-1008,Air Purifier Small,2,81.2,US
ORD-000809,2026/03/31,CUST-1009,Portable Power Bank,1,278.75,CN
ORD-000810,2026/04/01,CUST-1010,LED Desk Lamp,2,224.45,UK
ORD-000811,2026/04/02,CUST-1011,Wireless Mouse Silent,3,244.73,DE
ORD-000812,2026/04/03,CUST-1012,Noise Cancelling Earbuds,1,219.25,CA
ORD-000813,2026/04/04,CUST-1013,Noise Cancelling Earbuds,2,124.51,JP
ORD-000814,2026/04/05,CUST-1014,Yoga Mat Premium,2,290.99,FR
ORD-000815,2026/04/06,CUST-1015,Noise Cancelling Earbuds,4,54.26,UK
ORD-000816,2026/04/07,CUST-1016,Noise Cancelling Earbuds,5,192.74,CA
ORD-000817,2026/04/08,CUST-1017,Wireless Mouse Silent,4,61.92,CA
ORD-000818,2026/04/09,CUST-1018,Yoga Mat Premium,1,165.7,BR
ORD-000819,2026/04/10,CUST-1019,Smart Watch Series 5,3,190.58,CA
ORD-000820,2026/04/11,CUST-1020,External SSD 1TB,3,183.72,CA
ORD-000821,2026/04/12,CUST-1021,Stainless Steel Water Bottle,5,138.13,DE
ORD-000822,2026/04/13,CUST-1022,Running Shoes Elite,5,142.23,BR
ORD-000823,2026/04/14,CUST-1023,External SSD 1TB,5,175.07,US
ORD-000824,2026/04/15,CUST-1024,Organic Cotton T-Shirt,1,192.28,IN
ORD-000825,2026/04/16,CUST-1025,Bluetooth Speaker Mini,3,282.94,CA
ORD-000826,2026/04/17,CUST-1026,Portable Power Bank,5,290.67,JP
ORD-000827,2026/04/18,CUST-1027,Noise Cancelling Earbuds,4,228.98,DE
ORD-000828,2026/04/19,CUST-1028,Yoga Mat Premium,1,262.37,FR
ORD-000829,2026/04/20,CUST-1029,Running Shoes Elite,2,72.06,FR
ORD-000830,2026/04/21,CUST-1030,Stainless Steel Water Bottle,5,42.38,CN
ORD-000831,2026/04/22,CUST-1031,Wireless Mouse Silent,4,222.57,FR
ORD-000832,2026/04/23,CUST-1032,Yoga Mat Premium,5,217.22,AU
ORD-000833,2026/04/24,CUST-1033,Noise Cancelling Earbuds,3,271.47,IN
ORD-000834,2026/04/25,CUST-1034,Running Shoes Elite,4,77.34,CN
ORD-000835,2026/04/26,CUST-1035,Leather Wallet Classic,5,50.9,BR
ORD-000836,2026/04/27,CUST-1036,Mechanical Keyboard RGB,5,189.98,CA
ORD-000837,2026/04/28,CUST-1037,Leather Wallet Classic,2,147.23,JP
ORD-000838,2026/04/29,CUST-1038,Standing Desk Converter,3,71.58,BR
ORD-000839,2026/04/30,CUST-1039,Running Shoes Elite,5,207.31,UK
ORD-000840,2026/05/01,CUST-1040,Running Shoes Elite,2,42.81,JP
ORD-000841,2026/05/02,CUST-1041,LED Desk Lamp,2,185.41,CN
ORD-000842,2026/05/03,CUST-1042,Stainless Steel Water Bottle,2,285.47,US
ORD-000843,2026/05/04,CUST-1043,Leather Wallet Classic,2,280.34,JP
ORD-000844,2026/05/05,CUST-1044,Smart Watch Series 5,5,75.18,JP
ORD-000845,2026/05/06,CUST-1045,Monitor Arm Dual,5,234.36,CN
ORD-000846,2026/05/07,CUST-1046,Bluetooth Speaker Mini,5,32.29,CN
ORD-000847,2026/05/08,CUST-1047,Organic Cotton T-Shirt,1,86.87,US
ORD-000848,2026/05/09,CUST-1048,Ergonomic Office Chair,3,147.64,US
ORD-000849,2026/05/10,CUST-1049,Mechanical Keyboard RGB,3,167.45,AU
ORD-000850,2026/05/11,CUST-1050,Standing Desk Converter,1,227.82,AU
ORD-000851,2026/05/12,CUST-1051,Wireless Headphones Pro,2,39.29,IN
