ORD-000001,2026/01/02,CUST-1001,4K Webcam Pro,3,288.71,IN
ORD-000002,2026/01/03,CUST-1002,Standing Desk Converter,2,85.99,CN
ORD-000003,2026/01/04,CUST-1003,Portable Power Bank,2,281.06,AU
ORD-000004,2026/01/05,CUST-1004,Mechanical Keyboard RGB,1,190.69,FR
ORD-000005,2026/01/06,CUST-1005,Wireless Charger Pad,2,91.62,IN
ORD-000006,2026/01/07,CUST-1006,Portable Power Bank,5,74.8,CN
ORD-000007,2026/01/08,CUST-1007,4K Webcam Pro,2,83.86,BR
ORD-000008,2026/01/09,CUST-1008,Wireless Headphones Pro,4,61.4,DE
ORD-000009,2026/01/10,CUST-1009,Monitor Arm Dual,5,133.45,FR
ORD-000010,2026/01/11,CUST-1010,LED Desk Lamp,5,74.2,UK
ORD-000011,2026/01/12,CUST-1011,Bluetooth Speaker Mini,2,49.45,DE
ORD-000012,2026/01/13,CUST-1012,Air Purifier Small,4,94.25,AU
ORD-000013,2026/01/14,CUST-1013,Mechanical Keyboard RGB,3,156.44,US
ORD-000014,2026/01/15,CUST-1014,Wireless Headphones Pro,4,214.79,AU
ORD-000015,2026/01/16,CUST-1015,Organic Cotton T-Shirt,5,272.4,DE
ORD-000016,2026/01/17,CUST-1016,Yoga Mat Premium,4,167.13,IN
ORD-000017,2026/01/18,CUST-1017,Smart Watch Series 5,2,32.42,BR
ORD-000018,2026/01/19,CUST-1018,LED Desk Lamp,3,225.33,FR
ORD-000019,2026/01/20,CUST-1019,LED Desk Lamp,4,76.35,UK
ORD-000020,2026/01/21,CUST-1020,External SSD 1TB,2,286.69,UK
ORD-000021,2026/01/22,CUST-1021,Leather Wallet Classic,5,262.53,BR
ORD-000022,2026/01/23,CUST-1022,Wireless Mouse Silent,1,191.03,FR
ORD-000023,2026/01/24,CUST-1023,Running Shoes Elite,4,76.25,JP
ORD-000024,2026/01/25,CUST-1024,Mechanical Keyboard RGB,2,122.56,FR
ORD-000025,2026/01/26,CUST-1025,Stainless Steel Water Bottle,4,162.43,UK
ORD-000026,2026/01/27,CUST-1026,LED Desk Lamp,1,198.88,BR
ORD-000027,2026/01/28,CUST-1027,Monitor Arm Dual,1,221.48,DE
ORD-000028,2026/01/29,CUST-1028,Mechanical Keyboard RGB,3,139.36,US
ORD-000029,2026/01/30,CUST-1029,4K Webcam Pro,3,156.12,JP
ORD-000030,2026/01/31,CUST-1030,Leather Wallet Classic,3,67.58,AU
ORD-000031,2026/02/01,CUST-1031,Organic Cotton T-Shirt,2,125.05,JP
ORD-000032,2026/02/02,CUST-1032,Stainless Steel Water Bottle,2,125.43,FR
ORD-000033,2026/02/03,CUST-1033,External SSD 1TB,4,105.61,CA
ORD-000034,2026/02/04,CUST-1034,Monitor Arm Dual,5,226.68,JP
ORD-000035,2026/02/05,CUST-1035,Noise Cancelling Earbuds,3,99.26,FR
ORD-000036,2026/02/06,CUST-1036,LED Desk Lamp,3,130.42,CN
ORD-000037,2026/02/07,CUST-1037,Portable Power Bank,3,175.28,AU
ORD-000038,2026/02/08,CUST-1038,Standing Desk Converter,2,110.69,AU
ORD-000039,2026/02/09,CUST-1039,Yoga Mat Premium,3,59.93,CN
ORD-000040,2026/02/10,CUST-1040,Wireless Charger Pad,1,219.2,US
ORD-000041,2026/02/11,CUST-1041,Smart Watch Series 5,4,146.28,FR
ORD-000042,2026/02/12,CUST-1042,Wireless Mouse Silent,2,295.98,BR
ORD-000043,2026/02/13,CUST-1043,Stainless Steel Water Bottle,3,288.62,UK
ORD-000044,2026/02/14,CUST-1044,Yoga Mat Premium,4,64.13,UK
ORD-000045,2026/02/15,CUST-1045,Wireless Charger Pad,5,145.64,CA
ORD-000046,2026/02/16,CUST-1046,Smart Watch Series 5,3,296.54,DE
ORD-000047,2026/02/17,CUST-1047,Stainless Steel Water Bottle,1,282.0,IN
ORD-000048,2026/02/18,CUST-1048,Running Shoes Elite,4,50.44,DE
ORD-000049,2026/02/19,CUST-1049,External SSD 1TB,1,262.76,AU
ORD-000050,2026/02/20,CUST-1050,LED Desk Lamp,4,251.91,FR
ORD-000051,2026/02/21,CUST-1051,Smart Watch Series 5,2,107.93,AU
ORD-000052,2026/02/22,CUST-1052,Yoga Mat Premium,2,166.1,BR
ORD-000053,2026/02/23,CUST-1053,Bluetooth Speaker Mini,3,218.59,JP
ORD-000054,2026/02/24,CUST-1054,Wireless Charger Pad,3,260.75,IN
ORD-000055,2026/02/25,CUST-1055,4K Webcam Pro,4,60.02,CN
ORD-000056,2026/02/26,CUST-1056,Leather Wallet Classic,1,249.01,UK
ORD-000057,2026/02/27,CUST-1057,Ergonomic Office Chair,2,187.14,FR
ORD-000058,2026/02/28,CUST-1058,External SSD 1TB,2,280.84,CA
ORD-000059,2026/03/01,CUST-1059,External SSD 1TB,2,113.6,BR
ORD-000060,2026/03/02,CUST-1060,Smart Watch Series 5,4,219.89,FR
ORD-000061,2026/03/03,CUST-1061,Monitor Arm Dual,5,72.88,CA
ORD-000062,2026/03/04,CUST-1062,Bluetooth Speaker Mini,3,96.25,CN
ORD-000063,2026/03/05,CUST-1063,Monitor Arm Dual,4,181.19,JP
ORD-000064,2026/03/06,CUST-1064,Portable Power Bank,4,277.3,CN
ORD-000065,2026/03/07,CUST-1065,Monitor Arm Dual,5,59.78,US
ORD-000066,2026/03/08,CUST-1066,Standing Desk Converter,2,251.28,AU
ORD-000067,2026/03/09,CUST-1067,Wireless Charger Pad,5,171.2,UK
ORD-000068,2026/03/10,CUST-1068,Yoga Mat Premium,1,241.24,BR
ORD-000069,2026/03/11,CUST-1069,Smart Watch Series 5,1,114.73,JP
ORD-000070,2026/03/12,CUST-1070,Stainless Steel Water Bottle,4,149.07,JP
ORD-000071,2026/03/13,CUST-1071,Bluetooth Speaker Mini,4,247.71,UK
ORD-000072,2026/03/14,CUST-1072,Smart Watch Series 5,5,116.97,BR
ORD-000073,2026/03/15,CUST-1073,Organic Cotton T-Shirt,2,67.86,BR
ORD-000074,2026/03/16,CUST-1074,Wireless Headphones Pro,5,77.3,CN
ORD-000075,2026/03/17,CUST-1075,Bluetooth Speaker Mini,5,145.99,UK
ORD-000076,2026/03/18,CUST-1076,Wireless Charger Pad,1,95.28,CN
ORD-000077,2026/03/19,CUST-1077,Organic Cotton T-Shirt,5,128.12,CN
ORD-000078,2026/03/20,CUST-1078,External SSD 1TB,3,204.51,FR
ORD-000079,2026/03/21,CUST-1079,Monitor Arm Dual,5,224.33,CA
ORD-000080,2026/03/22,CUST-1080,Leather Wallet Classic,2,60.83,FR
ORD-000081,2026/03/23,CUST-1081,4K Webcam Pro,5,177.54,IN
ORD-000082,2026/03/24,CUST-1082,Bluetooth Speaker Mini,3,115.16,UK
ORD-000083,2026/03/25,CUST-1083,Noise Cancelling Earbuds,5,128.1,US
ORD-000084,2026/03/26,CUST-1084,Monitor Arm Dual,2,112.72,DE
ORD-000085,2026/03/27,CUST-1085,Wireless Mouse Silent,3,106.49,CN
ORD-000086,2026/03/28,CUST-1086,Leather Wallet Classic,5,224.18,IN
ORD-000087,2026/03/29,CUST-1087,Wireless Charger Pad,1,60.07,JP
ORD-000088,2026/03/30,CUST-1088,Portable Power Bank,4,50.96,FR
ORD-000089,2026/03/31,CUST-1089,Standing Desk Converter,5,256.18,DE
ORD-000090,2026/04/01,CUST-1090,Running Shoes Elite,4,103.89,CA
ORD-000091,2026/04/02,CUST-1091,Mechanical Keyboard RGB,1,201.33,UK
ORD-000092,2026/04/03,CUST-1092,Wireless Headphones Pro,5,91.03,DE
ORD-000093,2026/04/04,CUST-1093,Wireless Mouse Silent,3,242.32,UK
ORD-000094,2026/04/05,CUST-1094,Air Purifier Small,1,219.73,BR
ORD-000095,2026/04/06,CUST-1095,LED Desk Lamp,2,65.0,UK
ORD-000096,2026/04/07,CUST-1096,Mechanical Keyboard RGB,1,106.86,DE
ORD-000097,2026/04/08,CUST-1097,Smart Watch Series 5,3,223.54,AU
ORD-000098,2026/04/09,CUST-1098,Bluetooth Speaker Mini,3,291.95,BR
ORD-000099,2026/04/10,CUST-1099,4K Webcam Pro,5,124.02,FR
ORD-000100,2026/04/11,CUST-1100,Noise Cancelling Earbuds,4,223.66,IN
ORD-000101,2026/04/12,CUST-1101,Smart Watch Series 5,1,171.94,BR
ORD-000102,2026/04/13,CUST-1102,Wireless Mouse Silent,1,74.85,CN
ORD-000103,2026/04/14,CUST-1103,Wireless Headphones Pro,5,99.7,CN
ORD-000104,2026/04/15,CUST-1104,Portable Power Bank,1,67.31,UK
ORD-000105,2026/04/16,CUST-1105,Wireless Mouse Silent,4,271.98,UK
ORD-000106,2026/04/17,CUST-1106,4K Webcam Pro,2,249.94,DE
ORD-000107,2026/04/18,CUST-1107,Standing Desk Converter,3,62.73,DE
ORD-000108,2026/04/19,CUST-1108,Noise Cancelling Earbuds,5,200.52,CN
ORD-000109,2026/04/20,CUST-1109,LED Desk Lamp,1,34.46,AU
ORD-000110,2026/04/21,CUST-1110,LED Desk Lamp,2,66.23,JP
ORD-000111,2026/04/22,CUST-1111,Bluetooth Speaker Mini,3,283.54,CN
ORD-000112,2026/04/23,CUST-1112,Wireless Charger Pad,1,105.71,JP
ORD-000113,2026/04/24,CUST-1113,Standing Desk Converter,2,144.87,JP
ORD-000114,2026/04/25,CUST-1114,Monitor Arm Dual,3,159.52,IN
ORD-000115,2026/04/26,CUST-1115,Portable Power Bank,4,282.5,CA
ORD-000116,2026/04/27,CUST-1116,Smart Watch Series 5,1,197.34,CA
ORD-000117,2026/04/28,CUST-1117,External SSD 1TB,4,149.64,JP
ORD-000118,2026/04/29,CUST-1118,LED Desk Lamp,5,219.95,UK
ORD-000119,2026/04/30,CUST-1119,LED Desk Lamp,3,129.31,FR
ORD-000120,2026/05/01,CUST-1120,4K Webcam Pro,4,53.05,CA
ORD-000121,2026/05/02,CUST-1121,Standing Desk Converter,1,138.03,FR
ORD-000122,2026/05/03,CUST-1122,Wireless Mouse Silent,3,147.58,US
ORD-000123,2026/05/04,CUST-1123,Organic Cotton T-Shirt,2,113.22,US
ORD-000124,2026/05/05,CUST-1124,Smart Watch Series 5,4,155.96,FR
ORD-000125,2026/05/06,CUST-1125,Leather Wallet Classic,1,277.01,JP
ORD-000126,2026/05/07,CUST-1126,Yoga Mat Premium,1,67.07,IN
ORD-000127,2026/05/08,CUST-1127,Wireless Mouse Silent,1,178.39,UK
ORD-000128,2026/05/09,CUST-1128,External SSD 1TB,3,49.52,IN
ORD-000129,2026/05/10,CUST-1129,Wireless Headphones Pro,5,168.08,FR
ORD-000130,2026/05/11,CUST-1130,Wireless Headphones Pro,4,42.69,CN
ORD-000131,2026/05/12,CUST-1131,Organic Cotton T-Shirt,2,37.81,JP
ORD-000132,2026/05/13,CUST-1132,Portable Power Bank,3,198.05,BR
ORD-000133,2026/05/14,CUST-1133,Stainless Steel Water Bottle,1,58.24,BR
ORD-000134,2026/05/15,CUST-1134,Yoga Mat Premium,2,58.98,DE
ORD-000135,2026/05/16,CUST-1135,Noise Cancelling Earbuds,3,48.06,DE
ORD-000136,2026/05/17,CUST-1136,Wireless Mouse Silent,2,166.47,AU
ORD-000137,2026/05/18,CUST-1137,Organic Cotton T-Shirt,4,94.92,CN
ORD-000138,2026/05/19,CUST-1138,Portable Power Bank,2,65.8,BR
ORD-000139,2026/05/20,CUST-1139,Smart Watch Series 5,3,222.11,US
ORD-000140,2026/05/21,CUST-1140,Running Shoes Elite,1,168.22,FR
ORD-000141,2026/05/22,CUST-1141,Organic Cotton T-Shirt,2,253.55,DE
ORD-000142,2026/05/23,CUST-1142,Mechanical Keyboard RGB,3,221.65,AU
ORD-000143,2026/05/24,CUST-1143,Leather Wallet Classic,1,78.04,UK
ORD-000144,2026/05/25,CUST-1144,Leather Wallet Classic,5,136.56,IN
ORD-000145,2026/05/26,CUST-1145,Monitor Arm Dual,5,105.05,BR
ORD-000146,2026/05/27,CUST-1146,Bluetooth Speaker Mini,2,100.09,DE
ORD-000147,2026/05/28,CUST-1147,External SSD 1TB,2,149.32,BR
ORD-000148,2026/05/29,CUST-1148,Organic Cotton T-Shirt,1,98.13,JP
ORD-000149,2026/05/30,CUST-1149,Wireless Headphones Pro,5,263.1,JP
ORD-000150,2026/05/31,CUST-1150,Wireless Mouse Silent,3,203.17,IN
ORD-000151,2026/06/01,CUST-1151,Yoga Mat Premium,3,123.49,CN
ORD-000152,2026/06/02,CUST-1152,Noise Cancelling Earbuds,4,286.33,UK
ORD-000153,2026/06/03,CUST-1153,Air Purifier Small,2,122.17,FR
ORD-000154,2026/06/04,CUST-1154,External SSD 1TB,4,170.1,CA
ORD-000155,2026/06/05,CUST-1155,Monitor Arm Dual,1,89.33,JP
ORD-000156,2026/06/06,CUST-1156,LED Desk Lamp,1,252.29,FR
ORD-000157,2026/06/07,CUST-1157,Standing Desk Converter,2,140.86,FR
ORD-000158,2026/06/08,CUST-1158,Ergonomic Office Chair,4,125.06,US
ORD-000159,2026/06/09,CUST-1159,Yoga Mat Premium,3,59.43,US
ORD-000160,2026/06/10,CUST-1160,Ergonomic Office Chair,3,250.36,BR
ORD-000161,2026/06/11,CUST-1161,Monitor Arm Dual,4,54.42,JP
ORD-000162,2026/06/12,CUST-1162,Wireless Headphones Pro,1,95.21,FR
ORD-000163,2026/06/13,CUST-1163,Standing Desk Converter,4,113.31,US
ORD-000164,2026/06/14,CUST-1164,Wireless Headphones Pro,1,254.31,US
ORD-000165,2026/06/15,CUST-1165,Portable Power Bank,1,65.22,US
ORD-000166,2026/06/16,CUST-1166,External SSD 1TB,1,30.63,CN
ORD-000167,2026/06/17,CUST-1167,Mechanical Keyboard RGB,5,155.46,US
ORD-000168,2026/06/18,CUST-1168,Wireless Charger Pad,3,98.77,BR
ORD-000169,2026/06/19,CUST-1169,Yoga Mat Premium,1,232.27,CN
ORD-000170,2026/06/20,CUST-1170,Smart Watch Series 5,5,172.36,CN
ORD-000171,2026/06/21,CUST-1171,Running Shoes Elite,1,49.54,BR
ORD-000172,2026/06/22,CUST-1172,Mechanical Keyboard RGB,1,78.6,JP
ORD-000173,2026/06/23,CUST-1173,Smart Watch Series 5,5,138.75,AU
ORD-000174,2026/06/24,CUST-1174,Noise Cancelling Earbuds,2,187.22,UK
ORD-000175,2026/06/25,CUST-1175,4K Webcam Pro,2,296.06,US
ORD-000176,2026/06/26,CUST-1176,Portable Power Bank,2,191.64,BR
ORD-000177,2026/06/27,CUST-1177,Bluetooth Speaker Mini,5,180.44,DE
ORD-000178,2026/06/28,CUST-1178,Bluetooth Speaker Mini,4,64.34,FR
ORD-000179,2026/06/29,CUST-1179,External SSD 1TB,4,273.86,FR
ORD-000180,2026/01/01,CUST-1180,Wireless Headphones Pro,1,54.67,IN
ORD-000181,2026/01/02,CUST-1181,Standing Desk Converter,5,30.87,FR
ORD-000182,2026/01/03,CUST-1182,Standing Desk Converter,5,178.63,AU
ORD-000183,2026/01/04,CUST-1183,Air Purifier Small,5,59.02,CA
ORD-000184,2026/01/05,CUST-1184,Wireless Mouse Silent,1,61.62,FR
ORD-000185,2026/01/06,CUST-1185,Mechanical Keyboard RGB,3,158.25,US
ORD-000186,2026/01/07,CUST-1186,Portable Power Bank,5,229.85,DE
ORD-000187,2026/01/08,CUST-1187,External SSD 1TB,1,52.28,US
ORD-000188,2026/01/09,CUST-1188,Noise Cancelling Earbuds,4,280.31,DE
ORD-000189,2026/01/10,CUST-1189,Leather Wallet Classic,5,178.19,CA
ORD-000190,2026/01/11,CUST-1190,Mechanical Keyboard RGB,3,111.98,US
ORD-000191,2026/01/12,CUST-1191,4K Webcam Pro,1,267.88,UK
ORD-000192,2026/01/13,CUST-1192,Leather Wallet Classic,2,206.21,DE
ORD-000193,2026/01/14,CUST-1193,Standing Desk Converter,4,269.85,JP
ORD-000194,2026/01/15,CUST-1194,Wireless Headphones Pro,3,52.52,AU
ORD-000195,2026/01/16,CUST-1195,Organic Cotton T-Shirt,3,104.24,FR
ORD-000196,2026/01/17,CUST-1196,Wireless Mouse Silent,5,63.3,UK
ORD-000197,2026/01/18,CUST-1197,External SSD 1TB,1,111.8,US
ORD-000198,2026/01/19,CUST-1198,Leather Wallet Classic,4,226.59,UK
ORD-000199,2026/01/20,CUST-1199,Running Shoes Elite,3,235.5,CN
ORD-000200,2026/01/21,CUST-1000,Portable Power Bank,5,90.08,CA
ORD-000201,2026/01/22,CUST-1001,Yoga Mat Premium,2,123.8,CN
ORD-000202,2026/01/23,CUST-1002,Wireless Charger Pad,2,33.14,JP
ORD-000203,2026/01/24,CUST-1003,Wireless Headphones Pro,3,79.31,JP
ORD-000204,2026/01/25,CUST-1004,Wireless Charger Pad,4,107.68,AU
ORD-000205,2026/01/26,CUST-1005,Wireless Charger Pad,4,212.89,JP
ORD-000206,2026/01/27,CUST-1006,Smart Watch Series 5,3,91.19,FR
ORD-000207,2026/01/28,CUST-1007,Running Shoes Elite,5,52.32,US
ORD-000208,2026/01/29,CUST-1008,Wireless Mouse Silent,4,257.77,CA
ORD-000209,2026/01/30,CUST-1009,Mechanical Keyboard RGB,5,231.97,IN
ORD-000210,2026/01/31,CUST-1010,Smart Watch Series 5,3,226.38,DE
ORD-000211,2026/02/01,CUST-1011,Mechanical Keyboard RGB,5,200.8,BR
ORD-000212,2026/02/02,CUST-1012,Wireless Mouse Silent,1,266.21,CA
ORD-000213,2026/02/03,CUST-1013,Portable Power Bank,1,190.6,BR
ORD-000214,2026/02/04,CUST-1014,Organic Cotton T-Shirt,4,106.92,CN
ORD-000215,2026/02/05,CUST-1015,Monitor Arm Dual,2,158.17,DE
ORD-000216,2026/02/06,CUST-1016,External SSD 1TB,2,191.55,CA
ORD-000217,2026/02/07,CUST-1017,External SSD 1TB,4,298.3,IN
ORD-000218,2026/02/08,CUST-1018,Standing Desk Converter,4,170.17,AU
ORD-000219,2026/02/09,CUST-1019,Noise Cancelling Earbuds,3,115.85,FR
ORD-000220,2026/02/10,CUST-1020,Yoga Mat Premium,3,168.51,DE
ORD-000221,2026/02/11,CUST-1021,Organic Cotton T-Shirt,4,240.15,CN
ORD-000222,2026/02/12,CUST-1022,Mechanical Keyboard RGB,4,217.74,AU
ORD-000223,2026/02/13,CUST-1023,Air Purifier Small,3,123.6,CA
ORD-000224,2026/02/14,CUST-1024,Air Purifier Small,3,117.47,AU
ORD-000225,2026/02/15,CUST-1025,4K Webcam Pro,3,207.59,CA
ORD-000226,2026/02/16,CUST-1026,Smart Watch Series 5,2,199.22,IN
ORD-000227,2026/02/17,CUST-1027,4K Webcam Pro,4,299.44,BR
ORD-000228,2026/02/18,CUST-1028,Standing Desk Converter,5,154.82,DE
ORD-000229,2026/02/19,CUST-1029,Bluetooth Speaker Mini,3,218.26,DE
ORD-000230,2026/02/20,CUST-1030,4K Webcam Pro,3,129.23,UK
ORD-000231,2026/02/21,CUST-1031,Monitor Arm Dual,1,145.34,UK
ORD-000232,2026/02/22,CUST-1032,4K Webcam Pro,2,172.71,DE
ORD-000233,2026/02/23,CUST-1033,Wireless Charger Pad,5,149.93,CA
ORD-000234,2026/02/24,CUST-1034,Smart Watch Series 5,4,88.5,IN
ORD-000235,2026/02/25,CUST-1035,Portable Power Bank,2,231.37,CA
ORD-000236,2026/02/26,CUST-1036,Noise Cancelling Earbuds,2,118.87,CN
ORD-000237,2026/02/27,CUST-1037,External SSD 1TB,4,289.39,IN
ORD-000238,2026/02/28,CUST-1038,Noise Cancelling Earbuds,3,170.95,BR
ORD-000239,2026/03/01,CUST-1039,Bluetooth Speaker Mini,3,153.44,BR
ORD-000240,2026/03/02,CUST-1040,Running Shoes Elite,1,136.34,CN
ORD-000241,2026/03/03,CUST-1041,Wireless Headphones Pro,4,297.11,IN
ORD-000242,2026/03/04,CUST-1042,Standing Desk Converter,2,59.26,US
ORD-000243,2026/03/05,CUST-1043,Organic Cotton T-Shirt,2,216.46,CA
ORD-000244,2026/03/06,CUST-1044,Air Purifier Small,3,282.52,CN
ORD-000245,2026/03/07,CUST-1045,Noise Cancelling Earbuds,5,238.62,FR
ORD-000246,2026/03/08,CUST-1046,Ergonomic Office Chair,5,269.65,US
ORD-000247,2026/03/09,CUST-1047,Yoga Mat Premium,5,201.77,UK
ORD-000248,2026/03/10,CUST-1048,Wireless Headphones Pro,5,121.46,CN
ORD-000249,2026/03/11,CUST-1049,Air Purifier Small,5,272.48,DE
ORD-000250,2026/03/12,CUST-1050,Air Purifier Small,5,231.52,IN
ORD-000251,2026/03/13,CUST-1051,Air Purifier Small,4,213.4,US
ORD-000252,2026/03/14,CUST-1052,Mechanical Keyboard RGB,1,135.21,JP
ORD-000253,2026/03/15,CUST-1053,Monitor Arm Dual,2,218.62,US
ORD-000254,2026/03/16,CUST-1054,Wireless Mouse Silent,3,124.93,US
ORD-000255,2026/03/17,CUST-1055,Air Purifier Small,2,114.74,BR
ORD-000256,2026/03/18,CUST-1056,Air Purifier Small,3,144.99,US
ORD-000257,2026/03/19,CUST-1057,Air Purifier Small,2,30.13,CN
ORD-000258,2026/03/20,CUST-1058,Wireless Headphones Pro,3,271.4,DE
ORD-000259,2026/03/21,CUST-1059,4K Webcam Pro,2,39.37,CA
ORD-000260,2026/03/22,CUST-1060,Monitor Arm Dual,2,107.39,AU
ORD-000261,2026/03/23,CUST-1061,Portable Power Bank,4,293.98,DE
ORD-000262,2026/03/24,CUST-1062,Monitor Arm Dual,1,116.02,FR
ORD-000263,2026/03/25,CUST-1063,Wireless Headphones Pro,4,153.6,DE
ORD-000264,2026/03/26,CUST-1064,Noise Cancelling Earbuds,3,129.83,BR
ORD-000265,2026/03/27,CUST-1065,Bluetooth Speaker Mini,5,232.15,FR
ORD-000266,2026/03/28,CUST-1066,Mechanical Keyboard RGB,4,78.07,IN
ORD-000267,2026/03/29,CUST-1067,Leather Wallet Classic,5,205.92,JP
ORD-000268,2026/03/30,CUST-1068,Leather Wallet Classic,2,289.83,FR
ORD-000269,2026/03/31,CUST-1069,External SSD 1TB,1,77.34,CA
ORD-000270,2026/04/01,CUST-1070,Wireless Charger Pad,3,41.07,DE
ORD-000271,2026/04/02,CUST-1071,Standing Desk Converter,4,184.5,DE
ORD-000272,2026/04/03,CUST-1072,Wireless Mouse Silent,3,233.24,IN
ORD-000273,2026/04/04,CUST-1073,External SSD 1TB,4,125.87,BR
ORD-000274,2026/04/05,CUST-1074,4K Webcam Pro,1,161.77,FR
ORD-000275,2026/04/06,CUST-1075,Monitor Arm Dual,4,100.7,CN
ORD-000276,2026/04/07,CUST-1076,Wireless Headphones Pro,1,212.18,UK
ORD-000277,2026/04/08,CUST-1077,Stainless Steel Water Bottle,4,75.12,CA
ORD-000278,2026/04/09,CUST-1078,Mechanical Keyboard RGB,4,83.01,AU
ORD-000279,2026/04/10,CUST-1079,Mechanical Keyboard RGB,1,146.91,IN
ORD-000280,2026/04/11,CUST-1080,4K Webcam Pro,4,68.28,UK
ORD-000281,2026/04/12,CUST-1081,Organic Cotton T-Shirt,5,48.36,DE
ORD-000282,2026/04/13,CUST-1082,Organic Cotton T-Shirt,2,276.27,AU
ORD-000283,2026/04/14,CUST-1083,Air Purifier Small,2,245.27,DE
ORD-000284,2026/04/15,CUST-1084,External SSD 1TB,3,69.25,IN
ORD-000285,2026/04/16,CUST-1085,Leather Wallet Classic,4,184.65,AU
ORD-000286,2026/04/17,CUST-1086,LED Desk Lamp,2,71.2,CN
ORD-000287,2026/04/18,CUST-1087,Mechanical Keyboard RGB,5,230.43,US
ORD-000288,2026/04/19,CUST-1088,External SSD 1TB,2,257.32,IN
ORD-000289,2026/04/20,CUST-1089,Running Shoes Elite,2,79.8,DE
ORD-000290,2026/04/21,CUST-1090,Wireless Headphones Pro,4,228.61,AU
ORD-000291,2026/04/22,CUST-1091,Wireless Mouse Silent,5,33.83,CN
ORD-000292,2026/04/23,CUST-1092,Smart Watch Series 5,2,130.51,BR
ORD-000293,2026/04/24,CUST-1093,Smart Watch Series 5,3,250.37,UK
ORD-000294,2026/04/25,CUST-1094,LED Desk Lamp,3,274.57,UK
ORD-000295,2026/04/26,CUST-1095,Yoga Mat Premium,3,89.77,IN
ORD-000296,2026/04/27,CUST-1096,Yoga Mat Premium,1,58.44,DE
ORD-000297,2026/04/28,CUST-1097,Mechanical Keyboard RGB,5,72.44,CA
ORD-000298,2026/04/29,CUST-1098,Leather Wallet Classic,4,220.23,US
ORD-000299,2026/04/30,CUST-1099,Ergonomic Office Chair,5,166.32,AU
ORD-000300,2026/05/01,CUST-1100,Monitor Arm Dual,1,87.29,AU
ORD-000301,2026/05/02,CUST-1101,External SSD 1TB,1,61.78,FR
ORD-000302,2026/05/03,CUST-1102,Portable Power Bank,1,248.94,AU
ORD-000303,2026/05/04,CUST-1103,Wireless Headphones Pro,2,209.99,DE
ORD-000304,2026/05/05,CUST-1104,Running Shoes Elite,1,140.19,US
ORD-000305,2026/05/06,CUST-1105,Portable Power Bank,2,205.02,FR
ORD-000306,2026/05/07,CUST-1106,Leather Wallet Classic,2,260.44,DE
ORD-000307,2026/05/08,CUST-1107,Organic Cotton T-Shirt,4,164.78,DE
ORD-000308,2026/05/09,CUST-1108,Standing Desk Converter,1,99.08,AU
ORD-000309,2026/05/10,CUST-1109,Air Purifier Small,2,96.16,CN
ORD-000310,2026/05/11,CUST-1110,Noise Cancelling Earbuds,1,290.19,US
ORD-000311,2026/05/12,CUST-1111,Mechanical Keyboard RGB,4,153.46,DE
ORD-000312,2026/05/13,CUST-1112,Yoga Mat Premium,2,56.85,BR
ORD-000313,2026/05/14,CUST-1113,Organic Cotton T-Shirt,3,38.2,JP
ORD-000314,2026/05/15,CUST-1114,Wireless Mouse Silent,5,287.68,BR
ORD-000315,2026/05/16,CUST-1115,Wireless Headphones Pro,3,68.4,CA
ORD-000316,2026/05/17,CUST-1116,Yoga Mat Premium,2,128.78,CN
ORD-000317,2026/05/18,CUST-1117,Air Purifier Small,5,295.57,DE
ORD-000318,2026/05/19,CUST-1118,Wireless Mouse Silent,3,88.76,AU
ORD-000319,2026/05/20,CUST-1119,Organic Cotton T-Shirt,1,144.24,DE
ORD-000320,2026/05/21,CUST-1120,Stainless Steel Water Bottle,1,245.76,FR
ORD-000321,2026/05/22,CUST-1121,External SSD 1TB,4,113.17,CA
ORD-000322,2026/05/23,CUST-1122,Mechanical Keyboard RGB,3,55.25,US
ORD-000323,2026/05/24,CUST-1123,Running Shoes Elite,4,135.11,CN
ORD-000324,2026/05/25,CUST-1124,Running Shoes Elite,5,211.57,DE
ORD-000325,2026/05/26,CUST-1125,Bluetooth Speaker Mini,4,64.44,JP
ORD-000326,2026/05/27,CUST-1126,Portable Power Bank,1,232.21,IN
ORD-000327,2026/05/28,CUST-1127,Monitor Arm Dual,4,100.99,UK
ORD-000328,2026/05/29,CUST-1128,Noise Cancelling Earbuds,4,218.86,BR
ORD-000329,2026/05/30,CUST-1129,Ergonomic Office Chair,5,239.27,CN
ORD-000330,2026/05/31,CUST-1130,Bluetooth Speaker Mini,5,62.41,AU
ORD-000331,2026/06/01,CUST-1131,Noise Cancelling Earbuds,2,138.94,IN
ORD-000332,2026/06/02,CUST-1132,Running Shoes Elite,4,188.29,FR
ORD-000333,2026/06/03,CUST-1133,Standing Desk Converter,4,255.62,DE
ORD-000334,2026/06/04,CUST-1134,Leather Wallet Classic,2,281.41,DE
ORD-000335,2026/06/05,CUST-1135,Stainless Steel Water Bottle,1,163.9,CN
ORD-000336,2026/06/06,CUST-1136,Wireless Charger Pad,3,77.29,BR
ORD-000337,2026/06/07,CUST-1137,Leather Wallet Classic,1,196.62,CN
ORD-000338,2026/06/08,CUST-1138,Leather Wallet Classic,3,279.59,DE
ORD-000339,2026/06/09,CUST-1139,Stainless Steel Water Bottle,2,294.27,CA
ORD-000340,2026/06/10,CUST-1140,LED Desk Lamp,1,138.78,IN
ORD-000341,2026/06/11,CUST-1141,Air Purifier Small,4,76.83,CN
ORD-000342,2026/06/12,CUST-1142,Running Shoes Elite,3,133.97,BR
ORD-000343,2026/06/13,CUST-1143,Portable Power Bank,3,43.69,AU
ORD-000344,2026/06/14,CUST-1144,Wireless Mouse Silent,2,249.07,DE
ORD-000345,2026/06/15,CUST-1145,Standing Desk Converter,1,208.59,JP
ORD-000346,2026/06/16,CUST-1146,Running Shoes Elite,5,142.88,IN
ORD-000347,2026/06/17,CUST-1147,Wireless Headphones Pro,2,112.73,DE
ORD-000348,2026/06/18,CUST-1148,LED Desk Lamp,4,66.76,US
ORD-000349,2026/06/19,CUST-1149,Ergonomic Office Chair,4,159.46,FR
ORD-000350,2026/06/20,CUST-1150,Running Shoes Elite,2,278.03,US
ORD-000351,2026/06/21,CUST-1151,Mechanical Keyboard RGB,5,30.37,JP
ORD-000352,2026/06/22,CUST-1152,Wireless Charger Pad,1,176.59,JP
ORD-000353,2026/06/23,CUST-1153,Standing Desk Converter,4,293.18,CN
ORD-000354,2026/06/24,CUST-1154,Mechanical Keyboard RGB,1,187.78,AU
ORD-000355,2026/06/25,CUST-1155,Stainless Steel Water Bottle,4,167.56,FR
ORD-000356,2026/06/26,CUST-1156,Smart Watch Series 5,3,106.2,JP
ORD-000357,2026/06/27,CUST-1157,Portable Power Bank,1,64.41,AU
ORD-000358,2026/06/28,CUST-1158,External SSD 1TB,1,291.37,CN
ORD-000359,2026/06/29,CUST-1159,Stainless Steel Water Bottle,2,245.4,UK
ORD-000360,2026/01/01,CUST-1160,Ergonomic Office Chair,5,264.23,FR
ORD-000361,2026/01/02,CUST-1161,Leather Wallet Classic,2,145.34,DE
ORD-000362,2026/01/03,CUST-1162,Ergonomic Office Chair,5,214.52,CA
ORD-000363,2026/01/04,CUST-1163,Leather Wallet Classic,3,258.2,UK
ORD-000364,2026/01/05,CUST-1164,Leather Wallet Classic,4,231.11,US
ORD-000365,2026/01/06,CUST-1165,External SSD 1TB,2,271.11,UK
ORD-000366,2026/01/07,CUST-1166,Wireless Charger Pad,1,122.49,CN
ORD-000367,2026/01/08,CUST-1167,Smart Watch Series 5,2,57.63,DE
ORD-000368,2026/01/09,CUST-1168,Air Purifier Small,5,265.07,BR
ORD-000369,2026/01/10,CUST-1169,Ergonomic Office Chair,2,78.47,AU
ORD-000370,2026/01/11,CUST-1170,Bluetooth Speaker Mini,3,264.69,US
ORD-000371,2026/01/12,CUST-1171,Stainless Steel Water Bottle,4,188.86,UK
ORD-000372,2026/01/13,CUST-1172,Wireless Headphones Pro,2,290.01,IN
ORD-000373,2026/01/14,CUST-1173,Noise Cancelling Earbuds,3,173.86,CN
ORD-000374,2026/01/15,CUST-1174,Monitor Arm Dual,1,214.86,CA
ORD-000375,2026/01/16,CUST-1175,Smart Watch Series 5,3,244.76,AU
ORD-000376,2026/01/17,CUST-1176,Noise Cancelling Earbuds,5,202.51,JP
ORD-000377,2026/01/18,CUST-1177,LED Desk Lamp,2,45.28,JP
ORD-000378,2026/01/19,CUST-1178,4K Webcam Pro,4,179.9,IN
ORD-000379,2026/01/20,CUST-1179,Mechanical Keyboard RGB,4,213.66,US
ORD-000380,2026/01/21,CUST-1180,Stainless Steel Water Bottle,1,267.66,CA
ORD-000381,2026/01/22,CUST-1181,Mechanical Keyboard RGB,4,145.77,BR
ORD-000382,2026/01/23,CUST-1182,Ergonomic Office Chair,4,87.63,CA
ORD-000383,2026/01/24,CUST-1183,Air Purifier Small,1,145.01,JP
ORD-000384,2026/01/25,CUST-1184,4K Webcam Pro,4,241.96,US
ORD-000385,2026/01/26,CUST-1185,Noise Cancelling Earbuds,3,150.4,CA
ORD-000386,2026/01/27,CUST-1186,Wireless Headphones Pro,4,261.93,CN
ORD-000387,2026/01/28,CUST-1187,Mechanical Keyboard RGB,3,89.18,UK
ORD-000388,2026/01/29,CUST-1188,Ergonomic Office Chair,2,275.59,DE
ORD-000389,2026/01/30,CUST-1189,External SSD 1TB,2,270.47,CN
ORD-000390,2026/01/31,CUST-1190,4K Webcam Pro,5,79.11,CN
ORD-000391,2026/02/01,CUST-1191,Bluetooth Speaker Mini,2,255.95,BR
ORD-000392,2026/02/02,CUST-1192,Standing Desk Converter,2,234.64,IN
ORD-000393,2026/02/03,CUST-1193,Standing Desk Converter,2,281.45,AU
ORD-000394,2026/02/04,CUST-1194,Bluetooth Speaker Mini,3,203.41,BR
ORD-000395,2026/02/05,CUST-1195,Running Shoes Elite,1,156.65,DE
ORD-000396,2026/02/06,CUST-1196,Leather Wallet Classic,2,287.74,US
ORD-000397,2026/02/07,CUST-1197,Mechanical Keyboard RGB,1,46.53,FR
ORD-000398,2026/02/08,CUST-1198,Ergonomic Office Chair,3,263.12,CA
ORD-000399,2026/02/09,CUST-1199,Wireless Headphones Pro,1,201.48,UK
ORD-000400,2026/02/10,CUST-1000,Portable Power Bank,3,116.67,CN
ORD-000401,2026/02/11,CUST-1001,Wireless Headphones Pro,4,218.78,DE
ORD-000402,2026/02/12,CUST-1002,Bluetooth Speaker Mini,3,289.13,IN
ORD-000403,2026/02/13,CUST-1003,Running Shoes Elite,1,31.59,JP
ORD-000404,2026/02/14,CUST-1004,4K Webcam Pro,5,269.8,BR
ORD-000405,2026/02/15,CUST-1005,Stainless Steel Water Bottle,1,222.11,UK
ORD-000406,2026/02/16,CUST-1006,Wireless Headphones Pro,4,110.55,CN
ORD-000407,2026/02/17,CUST-1007,Running Shoes Elite,5,57.49,CA
ORD-000408,2026/02/18,CUST-1008,Running Shoes Elite,5,158.24,DE
ORD-000409,2026/02/19,CUST-1009,Stainless Steel Water Bottle,1,282.97,IN
ORD-000410,2026/02/20,CUST-1010,Monitor Arm Dual,2,102.12,UK
ORD-000411,2026/02/21,CUST-1011,Running Shoes Elite,5,136.93,BR
ORD-000412,2026/02/22,CUST-1012,Wireless Mouse Silent,5,72.53,UK
ORD-000413,2026/02/23,CUST-1013,Wireless Headphones Pro,3,31.21,AU
ORD-000414,2026/02/24,CUST-1014,Smart Watch Series 5,2,132.18,DE
ORD-000415,2026/02/25,CUST-1015,Monitor Arm Dual,1,58.59,US
ORD-000416,2026/02/26,CUST-1016,Wireless Charger Pad,1,292.17,FR
ORD-000417,2026/02/27,CUST-1017,Standing Desk Converter,5,45.56,DE
ORD-000418,2026/02/28,CUST-1018,Wireless Headphones Pro,2,290.29,US
ORD-000419,2026/03/01,CUST-1019,Bluetooth Speaker Mini,5,64.31,US
ORD-000420,2026/03/02,CUST-1020,Running Shoes Elite,2,184.58,AU
ORD-000421,2026/03/03,CUST-1021,Organic Cotton T-Shirt,1,134.9,IN
ORD-000422,2026/03/04,CUST-1022,Running Shoes Elite,4,112.24,DE
ORD-000423,2026/03/05,CUST-1023,Noise Cancelling Earbuds,5,184.77,CA
ORD-000424,2026/03/06,CUST-1024,Mechanical Keyboard RGB,2,268.43,CA
ORD-000425,2026/03/07,CUST-1025,Ergonomic Office Chair,4,32.64,IN
ORD-000426,2026/03/08,CUST-1026,Noise Cancelling Earbuds,3,264.35,IN
ORD-000427,2026/03/09,CUST-1027,Mechanical Keyboard RGB,4,31.35,US
ORD-000428,2026/03/10,CUST-1028,Yoga Mat Premium,5,202.57,IN
ORD-000429,2026/03/11,CUST-1029,4K Webcam Pro,1,269.38,US
ORD-000430,2026/03/12,CUST-1030,Running Shoes Elite,1,220.62,UK
ORD-000431,2026/03/13,CUST-1031,Wireless Mouse Silent,3,169.52,JP
ORD-000432,2026/03/14,CUST-1032,Portable Power Bank,4,74.07,UK
ORD-000433,2026/03/15,CUST-1033,Leather Wallet Classic,5,146.6,FR
ORD-000434,2026/03/16,CUST-1034,Air Purifier Small,1,169.92,CN
ORD-000435,2026/03/17,CUST-1035,Wireless Charger Pad,1,154.49,UK
ORD-000436,2026/03/18,CUST-1036,Smart Watch Series 5,5,248.52,DE
ORD-000437,2026/03/19,CUST-1037,Mechanical Keyboard RGB,2,219.35,DE
ORD-000438,2026/03/20,CUST-1038,Running Shoes Elite,5,83.55,FR
ORD-000439,2026/03/21,CUST-1039,Portable Power Bank,2,232.04,JP
ORD-000440,2026/03/22,CUST-1040,Organic Cotton T-Shirt,5,192.78,FR
ORD-000441,2026/03/23,CUST-1041,Running Shoes Elite,5,244.83,FR
ORD-000442,2026/03/24,CUST-1042,Organic Cotton T-Shirt,5,244.39,FR
ORD-000443,2026/03/25,CUST-1043,Ergonomic Office Chair,4,183.63,CN
ORD-000444,2026/03/26,CUST-1044,Stainless Steel Water Bottle,3,67.42,IN
ORD-000445,2026/03/27,CUST-1045,External SSD 1TB,3,277.53,UK
ORD-000446,2026/03/28,CUST-1046,Yoga Mat Premium,3,245.05,IN
ORD-000447,2026/03/29,CUST-1047,Portable Power Bank,1,142.07,UK
ORD-000448,2026/03/30,CUST-1048,Portable Power Bank,1,50.2,FR
ORD-000449,2026/03/31,CUST-1049,Mechanical Keyboard RGB,5,184.11,US
ORD-000450,2026/04/01,CUST-1050,Air Purifier Small,2,269.1,CN
ORD-000451,2026/04/02,CUST-1051,Running Shoes Elite,5,295.8,CA
ORD-000452,2026/04/03,CUST-1052,LED Desk Lamp,3,73.38,CN
ORD-000453,2026/04/04,CUST-1053,Ergonomic Office Chair,1,176.15,FR
ORD-000454,2026/04/05,CUST-1054,Standing Desk Converter,3,63.46,JP
ORD-000455,2026/04/06,CUST-1055,LED Desk Lamp,1,104.51,FR
ORD-000456,2026/04/07,CUST-1056,External SSD 1TB,5,67.63,UK
ORD-000457,2026/04/08,CUST-1057,Yoga Mat Premium,5,41.59,CA
ORD-000458,2026/04/09,CUST-1058,Standing Desk Converter,5,279.9,BR
ORD-000459,2026/04/10,CUST-1059,LED Desk Lamp,4,131.55,DE
ORD-000460,2026/04/11,CUST-1060,Bluetooth Speaker Mini,5,246.95,US
ORD-000461,2026/04/12,CUST-1061,Wireless Mouse Silent,4,108.09,IN
ORD-000462,2026/04/13,CUST-1062,Standing Desk Converter,1,272.35,AU
ORD-000463,2026/04/14,CUST-1063,LED Desk Lamp,3,135.41,JP
ORD-000464,2026/04/15,CUST-1064,Air Purifier Small,2,173.67,AU
ORD-000465,2026/04/16,CUST-1065,Smart Watch Series 5,2,166.57,UK
ORD-000466,2026/04/17,CUST-1066,Standing Desk Converter,4,161.72,BR
ORD-000467,2026/04/18,CUST-1067,4K Webcam Pro,3,79.66,BR
ORD-000468,2026/04/19,CUST-1068,Noise Cancelling Earbuds,2,82.98,BR
ORD-000469,2026/04/20,CUST-1069,External SSD 1TB,2,139.37,IN
ORD-000470,2026/04/21,CUST-1070,Wireless Mouse Silent,4,297.23,CN
ORD-000471,2026/04/22,CUST-1071,LED Desk Lamp,1,179.02,IN
ORD-000472,2026/04/23,CUST-1072,Ergonomic Office Chair,5,180.67,CN
ORD-000473,2026/04/24,CUST-1073,Mechanical Keyboard RGB,1,162.16,JP
ORD-000474,2026/04/25,CUST-1074,Bluetooth Speaker Mini,3,164.96,DE
ORD-000475,2026/04/26,CUST-1075,Standing Desk Converter,2,91.72,FR
ORD-000476,2026/04/27,CUST-1076,Organic Cotton T-Shirt,2,242.64,BR
ORD-000477,2026/04/28,CUST-1077,LED Desk Lamp,2,229.23,CN
ORD-000478,2026/04/29,CUST-1078,Leather Wallet Classic,4,241.31,AU
ORD-000479,2026/04/30,CUST-1079,Organic Cotton T-Shirt,3,258.26,CN
ORD-000480,2026/05/01,CUST-1080,Stainless Steel Water Bottle,1,93.87,CA
ORD-000481,2026/05/02,CUST-1081,Leather Wallet Classic,2,223.52,DE
ORD-000482,2026/05/03,CUST-1082,LED Desk Lamp,4,236.18,UK
ORD-000483,2026/05/04,CUST-1083,Running Shoes Elite,3,106.65,AU
ORD-000484,2026/05/05,CUST-1084,Yoga Mat Premium,2,140.69,US
ORD-000485,2026/05/06,CUST-1085,Air Purifier Small,3,266.4,CN
ORD-000486,2026/05/07,CUST-1086,Bluetooth Speaker Mini,3,270.05,CA
ORD-000487,2026/05/08,CUST-1087,Running Shoes Elite,4,217.72,JP
ORD-000488,2026/05/09,CUST-1088,Smart Watch Series 5,1,274.46,AU
ORD-000489,2026/05/10,CUST-1089,Running Shoes Elite,1,37.29,UK
ORD-000490,2026/05/11,CUST-1090,Noise Cancelling Earbuds,2,216.95,JP
ORD-000491,2026/05/12,CUST-1091,Monitor Arm Dual,5,177.19,AU
ORD-000492,2026/05/13,CUST-1092,Wireless Headphones Pro,5,141.87,IN
ORD-000493,2026/05/14,CUST-1093,Portable Power Bank,1,253.48,IN
ORD-000494,2026/05/15,CUST-1094,Leather Wallet Classic,5,53.98,FR
ORD-000495,2026/05/16,CUST-1095,Wireless Charger Pad,2,247.75,AU
ORD-000496,2026/05/17,CUST-1096,4K Webcam Pro,1,61.47,CA
ORD-000497,2026/05/18,CUST-1097,Wireless Mouse Silent,2,37.0,IN
ORD-000498,2026/05/19,CUST-1098,Wireless Headphones Pro,3,275.8,US
ORD-000499,2026/05/20,CUST-1099,External SSD 1TB,1,122.09,DE
ORD-000500,2026/05/21,CUST-1100,Air Purifier Small,2,186.52,US
ORD-000501,2026/05/22,CUST-1101,Smart Watch Series 5,5,281.15,CN
ORD-000502,2026/05/23,CUST-1102,Leather Wallet Classic,3,288.12,AU
ORD-000503,2026/05/24,CUST-1103,Portable Power Bank,2,106.2,FR
ORD-000504,2026/05/25,CUST-1104,Organic Cotton T-Shirt,4,198.59,DE
ORD-000505,2026/05/26,CUST-1105,LED Desk Lamp,5,298.09,UK
ORD-000506,2026/05/27,CUST-1106,Running Shoes Elite,4,277.15,CN
ORD-000507,2026/05/28,CUST-1107,External SSD 1TB,3,265.27,IN
ORD-000508,2026/05/29,CUST-1108,Wireless Mouse Silent,5,274.15,JP
ORD-000509,2026/05/30,CUST-1109,Monitor Arm Dual,2,272.47,BR
ORD-000510,2026/05/31,CUST-1110,Noise Cancelling Earbuds,5,80.28,JP
ORD-000511,2026/06/01,CUST-1111,Organic Cotton T-Shirt,1,144.3,IN
ORD-000512,2026/06/02,CUST-1112,Wireless Mouse Silent,3,189.76,JP
ORD-000513,2026/06/03,CUST-1113,Standing Desk Converter,3,41.59,UK
ORD-000514,2026/06/04,CUST-1114,Air Purifier Small,4,139.26,IN
ORD-000515,2026/06/05,CUST-1115,Portable Power Bank,1,225.75,CA
ORD-000516,2026/06/06,CUST-1116,Bluetooth Speaker Mini,5,104.37,CA
ORD-000517,2026/06/07,CUST-1117,Leather Wallet Classic,1,164.38,IN
ORD-000518,2026/06/08,CUST-1118,Stainless Steel Water Bottle,1,101.07,FR
ORD-000519,2026/06/09,CUST-1119,LED Desk Lamp,3,212.21,UK
ORD-000520,2026/06/10,CUST-1120,Ergonomic Office Chair,5,44.41,AU
ORD-000521,2026/06/11,CUST-1121,Organic Cotton T-Shirt,1,279.43,CA
ORD-000522,2026/06/12,CUST-1122,LED Desk Lamp,2,278.78,CN
ORD-000523,2026/06/13,CUST-1123,Smart Watch Series 5,3,237.61,UK
ORD-000524,2026/06/14,CUST-1124,Monitor Arm Dual,2,250.04,US
ORD-000525,2026/06/15,CUST-1125,Mechanical Keyboard RGB,1,293.49,IN
ORD-000526,2026/06/16,CUST-1126,Wireless Headphones Pro,5,152.39,FR
ORD-000527,2026/06/17,CUST-1127,Leather Wallet Classic,1,79.1,AU
ORD-000528,2026/06/18,CUST-1128,LED Desk Lamp,5,223.15,UK
ORD-000529,2026/06/19,CUST-1129,LED Desk Lamp,4,182.76,CN
ORD-000530,2026/06/20,CUST-1130,Running Shoes Elite,5,263.18,AU
ORD-000531,2026/06/21,CUST-1131,External SSD 1TB,2,146.08,UK
ORD-000532,2026/06/22,CUST-1132,Ergonomic Office Chair,4,221.98,UK
ORD-000533,2026/06/23,CUST-1133,Monitor Arm Dual,1,186.1,UK
ORD-000534,2026/06/24,CUST-1134,Wireless Headphones Pro,5,243.63,DE
ORD-000535,2026/06/25,CUST-1135,Portable Power Bank,4,76.44,US
ORD-000536,2026/06/26,CUST-1136,Portable Power Bank,2,162.54,CA
ORD-000537,2026/06/27,CUST-1137,Bluetooth Speaker Mini,2,61.92,DE
ORD-000538,2026/06/28,CUST-1138,Wireless Charger Pad,1,245.37,CN
ORD-000539,2026/06/29,CUST-1139,Mechanical Keyboard RGB,5,153.5,BR
ORD-000540,2026/01/01,CUST-1140,Wireless Charger Pad,2,146.97,JP
ORD-000541,2026/01/02,CUST-1141,4K Webcam Pro,2,177.57,FR
ORD-000542,2026/01/03,CUST-1142,Monitor Arm Dual,3,182.43,DE
ORD-000543,2026/01/04,CUST-1143,Ergonomic Office Chair,5,136.75,CN
ORD-000544,2026/01/05,CUST-1144,Mechanical Keyboard RGB,2,82.86,IN
ORD-000545,2026/01/06,CUST-1145,Running Shoes Elite,1,195.76,JP
ORD-000546,2026/01/07,CUST-1146,Monitor Arm Dual,3,129.8,UK
ORD-000547,2026/01/08,CUST-1147,Organic Cotton T-Shirt,5,290.51,AU
ORD-000548,2026/01/09,CUST-1148,Monitor Arm Dual,3,58.32,FR
ORD-000549,2026/01/10,CUST-1149,Yoga Mat Premium,4,209.25,FR
ORD-000550,2026/01/11,CUST-1150,Mechanical Keyboard RGB,5,169.23,AU
ORD-000551,2026/01/12,CUST-1151,Wireless Mouse Silent,4,96.8,AU
ORD-000552,2026/01/13,CUST-1152,Portable Power Bank,4,269.6,AU
ORD-000553,2026/01/14,CUST-1153,Air Purifier Small,4,242.57,IN
ORD-000554,2026/01/15,CUST-1154,Wireless Headphones Pro,1,80.91,DE
ORD-000555,2026/01/16,CUST-1155,Stainless Steel Water Bottle,2,180.02,JP
ORD-000556,2026/01/17,CUST-1156,Standing Desk Converter,1,38.35,JP
ORD-000557,2026/01/18,CUST-1157,Portable Power Bank,5,277.64,UK
ORD-000558,2026/01/19,CUST-1158,External SSD 1TB,5,115.49,DE
ORD-000559,2026/01/20,CUST-1159,Smart Watch Series 5,5,154.68,CN
ORD-000560,2026/01/21,CUST-1160,Yoga Mat Premium,4,172.01,US
ORD-000561,2026/01/22,CUST-1161,Air Purifier Small,4,205.1,DE
ORD-000562,2026/01/23,CUST-1162,Monitor Arm Dual,4,265.53,CN
ORD-000563,2026/01/24,CUST-1163,Leather Wallet Classic,3,96.29,JP
ORD-000564,2026/01/25,CUST-1164,Air Purifier Small,5,190.99,JP
ORD-000565,2026/01/26,CUST-1165,Mechanical Keyboard RGB,4,110.9,UK
ORD-000566,2026/01/27,CUST-1166,LED Desk Lamp,5,196.86,BR
ORD-000567,2026/01/28,CUST-1167,Ergonomic Office Chair,2,51.8,IN
ORD-000568,2026/01/29,CUST-1168,Ergonomic Office Chair,3,258.45,US
ORD-000569,2026/01/30,CUST-1169,Wireless Headphones Pro,5,279.29,IN
ORD-000570,2026/01/31,CUST-1170,Noise Cancelling Earbuds,4,266.78,IN
ORD-000571,2026/02/01,CUST-1171,Leather Wallet Classic,2,89.87,DE
ORD-000572,2026/02/02,CUST-1172,Noise Cancelling Earbuds,3,217.97,DE
ORD-000573,2026/02/03,CUST-1173,Smart Watch Series 5,4,178.16,US
ORD-000574,2026/02/04,CUST-1174,Leather Wallet Classic,3,139.27,FR
ORD-000575,2026/02/05,CUST-1175,Stainless Steel Water Bottle,1,159.13,CA
ORD-000576,2026/02/06,CUST-1176,Portable Power Bank,1,107.78,CN
ORD-000577,2026/02/07,CUST-1177,Mechanical Keyboard RGB,5,158.78,AU
ORD-000578,2026/02/08,CUST-1178,Wireless Headphones Pro,4,55.34,BR
ORD-000579,2026/02/09,CUST-1179,Organic Cotton T-Shirt,2,44.3,FR
ORD-000580,2026/02/10,CUST-1180,Mechanical Keyboard RGB,2,185.1,CN
ORD-000581,2026/02/11,CUST-1181,Ergonomic Office Chair,1,183.93,UK
ORD-000582,2026/02/12,CUST-1182,LED Desk Lamp,4,75.65,CN
ORD-000583,2026/02/13,CUST-1183,4K Webcam Pro,5,81.28,CN
ORD-000584,2026/02/14,CUST-1184,Running Shoes Elite,2,249.64,JP
ORD-000585,2026/02/15,CUST-1185,Running Shoes Elite,2,248.45,BR
ORD-000586,2026/02/16,CUST-1186,Mechanical Keyboard RGB,2,72.74,US
ORD-000587,2026/02/17,CUST-1187,Air Purifier Small,5,63.2,BR
ORD-000588,2026/02/18,CUST-1188,Wireless Mouse Silent,3,73.21,JP
ORD-000589,2026/02/19,CUST-1189,Stainless Steel Water Bottle,2,124.56,UK
ORD-000590,2026/02/20,CUST-1190,Wireless Charger Pad,4,180.39,IN
ORD-000591,2026/02/21,CUST-1191,Yoga Mat Premium,5,110.91,IN
ORD-000592,2026/02/22,CUST-1192,Smart Watch Series 5,2,86.88,AU
ORD-000593,2026/02/23,CUST-1193,Leather Wallet Classic,1,132.17,CN
ORD-000594,2026/02/24,CUST-1194,Yoga Mat Premium,4,290.17,DE
ORD-000595,2026/02/25,CUST-1195,Monitor Arm Dual,5,93.64,DE
ORD-000596,2026/02/26,CUST-1196,Stainless Steel Water Bottle,5,129.21,IN
ORD-000597,2026/02/27,CUST-1197,Ergonomic Office Chair,2,152.65,JP
ORD-000598,2026/02/28,CUST-1198,Leather Wallet Classic,1,259.72,CA
ORD-000599,2026/03/01,CUST-1199,Wireless Charger Pad,3,248.28,CN
ORD-000600,2026/03/02,CUST-1000,Smart Watch Series 5,2,207.73,DE
ORD-000601,2026/03/03,CUST-1001,LED Desk Lamp,5,129.14,DE
ORD-000602,2026/03/04,CUST-1002,Running Shoes Elite,3,130.89,DE
ORD-000603,2026/03/05,CUST-1003,4K Webcam Pro,5,299.03,DE
ORD-000604,2026/03/06,CUST-1004,Stainless Steel Water Bottle,4,98.11,FR
ORD-000605,2026/03/07,CUST-1005,Standing Desk Converter,2,92.89,AU
ORD-000606,2026/03/08,CUST-1006,Stainless Steel Water Bottle,5,193.86,BR
ORD-000607,2026/03/09,CUST-1007,Noise Cancelling Earbuds,4,42.49,US
ORD-000608,2026/03/10,CUST-1008,LED Desk Lamp,1,245.27,UK
ORD-000609,2026/03/11,CUST-1009,Stainless Steel Water Bottle,4,208.28,CA
ORD-000610,2026/03/12,CUST-1010,Noise Cancelling Earbuds,3,187.18,JP
ORD-000611,2026/03/13,CUST-1011,Ergonomic Office Chair,3,160.5,BR
ORD-000612,2026/03/14,CUST-1012,Noise Cancelling Earbuds,2,215.0,US
ORD-000613,2026/03/15,CUST-1013,Running Shoes Elite,3,173.64,BR
ORD-000614,2026/03/16,CUST-1014,4K Webcam Pro,1,250.49,US
ORD-000615,2026/03/17,CUST-1015,Smart Watch Series 5,4,90.58,CA
ORD-000616,2026/03/18,CUST-1016,Wireless Headphones Pro,4,107.88,DE
ORD-000617,2026/03/19,CUST-1017,Stainless Steel Water Bottle,2,185.85,FR
ORD-000618,2026/03/20,CUST-1018,4K Webcam Pro,3,96.44,FR
ORD-000619,2026/03/21,CUST-1019,Ergonomic Office Chair,1,230.82,CA
ORD-000620,2026/03/22,CUST-1020,Organic Cotton T-Shirt,2,37.63,AU
ORD-000621,2026/03/23,CUST-1021,Standing Desk Converter,4,275.56,BR
ORD-000622,2026/03/24,CUST-1022,Mechanical Keyboard RGB,1,271.83,IN
ORD-000623,2026/03/25,CUST-1023,Running Shoes Elite,2,68.77,FR
ORD-000624,2026/03/26,CUST-1024,Air Purifier Small,5,74.53,CA
ORD-000625,2026/03/27,CUST-1025,Noise Cancelling Earbuds,5,297.39,AU
ORD-000626,2026/03/28,CUST-1026,Yoga Mat Premium,5,148.33,CA
ORD-000627,2026/03/29,CUST-1027,External SSD 1TB,3,192.63,CA
ORD-000628,2026/03/30,CUST-1028,4K Webcam Pro,5,74.58,IN
ORD-000629,2026/03/31,CUST-1029,Ergonomic Office Chair,1,34.47,US
ORD-000630,2026/04/01,CUST-1030,Mechanical Keyboard RGB,3,56.26,BR
ORD-000631,2026/04/02,CUST-1031,LED Desk Lamp,1,258.16,JP
ORD-000632,2026/04/03,CUST-1032,Mechanical Keyboard RGB,2,118.13,AU
ORD-000633,2026/04/04,CUST-1033,Wireless Mouse Silent,5,85.54,JP
ORD-000634,2026/04/05,CUST-1034,Ergonomic Office Chair,1,260.55,AU
ORD-000635,2026/04/06,CUST-1035,Air Purifier Small,5,173.5,FR
ORD-000636,2026/04/07,CUST-1036,Wireless Headphones Pro,4,220.54,IN
ORD-000637,2026/04/08,CUST-1037,Standing Desk Converter,3,182.74,CN
ORD-000638,2026/04/09,CUST-1038,Portable Power Bank,2,134.24,BR
ORD-000639,2026/04/10,CUST-1039,Bluetooth Speaker Mini,3,171.2,UK
ORD-000640,2026/04/11,CUST-1040,Noise Cancelling Earbuds,1,181.77,AU
ORD-000641,2026/04/12,CUST-1041,Standing Desk Converter,4,31.0,UK
ORD-000642,2026/04/13,CUST-1042,Mechanical Keyboard RGB,1,284.89,AU
ORD-000643,2026/04/14,CUST-1043,Wireless Headphones Pro,1,221.24,CA
ORD-000644,2026/04/15,CUST-1044,Noise Cancelling Earbuds,5,280.78,JP
ORD-000645,2026/04/16,CUST-1045,Wireless Charger Pad,5,260.84,FR
ORD-000646,2026/04/17,CUST-1046,Air Purifier Small,5,211.35,CA
ORD-000647,2026/04/18,CUST-1047,Running Shoes Elite,3,270.6,AU
ORD-000648,2026/04/19,CUST-1048,Mechanical Keyboard RGB,4,190.97,IN
ORD-000649,2026/04/20,CUST-1049,Noise Cancelling Earbuds,3,234.45,FR
ORD-000650,2026/04/21,CUST-1050,LED Desk Lamp,4,142.48,IN
ORD-000651,2026/04/22,CUST-1051,Wireless Charger Pad,1,75.57,DE
ORD-000652,2026/04/23,CUST-1052,Monitor Arm Dual,3,80.23,UK
ORD-000653,2026/04/24,CUST-1053,Air Purifier Small,4,286.15,UK
ORD-000654,2026/04/25,CUST-1054,Organic Cotton T-Shirt,4,70.49,BR
ORD-000655,2026/04/26,CUST-1055,Noise Cancelling Earbuds,3,219.93,CN
ORD-000656,2026/04/27,CUST-1056,Wireless Mouse Silent,4,182.88,IN
ORD-000657,2026/04/28,CUST-1057,Noise Cancelling Earbuds,5,82.62,AU
ORD-000658,2026/04/29,CUST-1058,Running Shoes Elite,1,85.34,BR
ORD-000659,2026/04/30,CUST-1059,LED Desk Lamp,3,106.67,IN
ORD-000660,2026/05/01,CUST-1060,Wireless Charger Pad,1,102.07,BR
ORD-000661,2026/05/02,CUST-1061,Running Shoes Elite,2,166.09,BR
ORD-000662,2026/05/03,CUST-1062,Air Purifier Small,1,38.41,DE
ORD-000663,2026/05/04,CUST-1063,Wireless Charger Pad,4,221.87,UK
ORD-000664,2026/05/05,CUST-1064,Wireless Headphones Pro,2,74.16,US
ORD-000665,2026/05/06,CUST-1065,Monitor Arm Dual,1,181.17,CN
ORD-000666,2026/05/07,CUST-1066,Wireless Mouse Silent,4,225.12,UK
ORD-000667,2026/05/08,CUST-1067,Portable Power Bank,3,213.72,AU
ORD-000668,2026/05/09,CUST-1068,Portable Power Bank,2,99.04,CA
ORD-000669,2026/05/10,CUST-1069,Bluetooth Speaker Mini,2,292.96,US
ORD-000670,2026/05/11,CUST-1070,External SSD 1TB,5,61.92,US
ORD-000671,2026/05/12,CUST-1071,Wireless Charger Pad,2,249.63,JP
ORD-000672,2026/05/13,CUST-1072,External SSD 1TB,3,51.7,IN
ORD-000673,2026/05/14,CUST-1073,LED Desk Lamp,3,64.2,UK
ORD-000674,2026/05/15,CUST-1074,Yoga Mat Premium,5,196.71,UK
ORD-000675,2026/05/16,CUST-1075,Stainless Steel Water Bottle,5,264.76,UK
ORD-000676,2026/05/17,CUST-1076,External SSD 1TB,4,242.9,IN
ORD-000677,2026/05/18,CUST-1077,Ergonomic Office Chair,4,185.61,IN
ORD-000678,2026/05/19,CUST-1078,Leather Wallet Classic,2,80.69,US
ORD-000679,2026/05/20,CUST-1079,Wireless Mouse Silent,5,80.17,CA
ORD-000680,2026/05/21,CUST-1080,Standing Desk Converter,2,105.4,BR
ORD-000681,2026/05/22,CUST-1081,Bluetooth Speaker Mini,4,210.23,FR
ORD-000682,2026/05/23,CUST-1082,Leather Wallet Classic,2,195.91,IN
ORD-000683,2026/05/24,CUST-1083,Leather Wallet Classic,1,140.04,IN
ORD-000684,2026/05/25,CUST-1084,Standing Desk Converter,1,74.94,AU
ORD-000685,2026/05/26,CUST-1085,Running Shoes Elite,1,65.08,IN
ORD-000686,2026/05/27,CUST-1086,LED Desk Lamp,4,187.15,FR
ORD-000687,2026/05/28,CUST-1087,External SSD 1TB,2,160.39,BR
ORD-000688,2026/05/29,CUST-1088,Wireless Headphones Pro,5,247.26,FR
ORD-000689,2026/05/30,CUST-1089,Leather Wallet Classic,2,54.52,FR
ORD-000690,2026/05/31,CUST-1090,Stainless Steel Water Bottle,5,196.93,FR
ORD-000691,2026/06/01,CUST-1091,Standing Desk Converter,4,36.14,US
ORD-000692,2026/06/02,CUST-1092,Wireless Mouse Silent,1,53.84,DE
ORD-000693,2026/06/03,CUST-1093,Mechanical Keyboard RGB,5,32.44,DE
ORD-000694,2026/06/04,CUST-1094,4K Webcam Pro,4,272.28,DE
ORD-000695,2026/06/05,CUST-1095,Portable Power Bank,4,95.6,IN
ORD-000696,2026/06/06,CUST-1096,External SSD 1TB,3,280.41,CA
ORD-000697,2026/06/07,CUST-1097,Air Purifier Small,3,109.23,IN
ORD-000698,2026/06/08,CUST-1098,Standing Desk Converter,1,88.03,UK
ORD-000699,2026/06/09,CUST-1099,Smart Watch Series 5,1,248.77,AU
ORD-000700,2026/06/10,CUST-1100,Wireless Headphones Pro,4,215.39,AU
ORD-000701,2026/06/11,CUST-1101,Wireless Charger Pad,1,91.21,JP
ORD-000702,2026/06/12,CUST-1102,LED Desk Lamp,1,138.24,CA
ORD-000703,2026/06/13,CUST-1103,Air Purifier Small,4,127.07,UK
ORD-000704,2026/06/14,CUST-1104,Standing Desk Converter,3,159.44,FR
ORD-000705,2026/06/15,CUST-1105,External SSD 1TB,1,289.72,CA
ORD-000706,2026/06/16,CUST-1106,LED Desk Lamp,4,66.8,BR
ORD-000707,2026/06/17,CUST-1107,External SSD 1TB,2,51.54,BR
ORD-000708,2026/06/18,CUST-1108,Leather Wallet Classic,4,201.38,AU
ORD-000709,2026/06/19,CUST-1109,Yoga Mat Premium,2,299.99,CN
ORD-000710,2026/06/20,CUST-1110,Leather Wallet Classic,2,235.68,IN
ORD-000711,2026/06/21,CUST-1111,Bluetooth Speaker Mini,2,237.74,AU
ORD-000712,2026/06/22,CUST-1112,LED Desk Lamp,5,217.33,CN
ORD-000713,2026/06/23,CUST-1113,Wireless Mouse Silent,1,135.31,IN
ORD-000714,2026/06/24,CUST-1114,Noise Cancelling Earbuds,1,279.58,UK
ORD-000715,2026/06/25,CUST-1115,Running Shoes Elite,3,31.41,US
ORD-000716,2026/06/26,CUST-1116,LED Desk Lamp,3,168.83,DE
ORD-000717,2026/06/27,CUST-1117,Wireless Charger Pad,4,135.39,CA
ORD-000718,2026/06/28,CUST-1118,Organic Cotton T-Shirt,5,262.33,CA
ORD-000719,2026/06/29,CUST-1119,Monitor Arm Dual,2,129.45,UK
ORD-000720,2026/01/01,CUST-1120,Ergonomic Office Chair,2,82.64,AU
ORD-000721,2026/01/02,CUST-1121,Wireless Charger Pad,2,223.97,CA
ORD-000722,2026/01/03,CUST-1122,Monitor Arm Dual,4,138.54,IN
ORD-000723,2026/01/04,CUST-1123,Ergonomic Office Chair,5,204.33,UK
ORD-000724,2026/01/05,CUST-1124,LED Desk Lamp,4,295.14,FR
ORD-000725,2026/01/06,CUST-1125,Bluetooth Speaker Mini,5,58.66,BR
ORD-000726,2026/01/07,CUST-1126,Wireless Headphones Pro,3,163.93,AU
ORD-000727,2026/01/08,CUST-1127,Wireless Mouse Silent,5,298.54,JP
ORD-000728,2026/01/09,CUST-1128,Standing Desk Converter,4,44.76,DE
ORD-000729,2026/01/10,CUST-1129,Noise Cancelling Earbuds,2,206.19,FR
ORD-000730,2026/01/11,CUST-1130,Leather Wallet Classic,3,138.9,FR
ORD-000731,2026/01/12,CUST-1131,Leather Wallet Classic,1,83.6,UK
ORD-000732,2026/01/13,CUST-1132,Monitor Arm Dual,2,208.12,AU
ORD-000733,2026/01/14,CUST-1133,Bluetooth Speaker Mini,3,174.47,UK
ORD-000734,2026/01/15,CUST-1134,Running Shoes Elite,5,247.38,AU
ORD-000735,2026/01/16,CUST-1135,Mechanical Keyboard RGB,1,32.97,DE
ORD-000736,2026/01/17,CUST-1136,Organic Cotton T-Shirt,4,258.97,BR
ORD-000737,2026/01/18,CUST-1137,Noise Cancelling Earbuds,5,32.02,UK
ORD-000738,2026/01/19,CUST-1138,Wireless Charger Pad,3,263.07,CN
ORD-000739,2026/01/20,CUST-1139,4K Webcam Pro,2,261.06,BR
ORD-000740,2026/01/21,CUST-1140,Air Purifier Small,1,115.84,FR
ORD-000741,2026/01/22,CUST-1141,Running Shoes Elite,1,171.28,JP
ORD-000742,2026/01/23,CUST-1142,Portable Power Bank,4,149.73,AU
ORD-000743,2026/01/24,CUST-1143,Portable Power Bank,5,298.39,FR
ORD-000744,2026/01/25,CUST-1144,Leather Wallet Classic,4,276.26,UK
ORD-000745,2026/01/26,CUST-1145,Wireless Charger Pad,4,104.85,UK
ORD-000746,2026/01/27,CUST-1146,LED Desk Lamp,5,75.34,CN
ORD-000747,2026/01/28,CUST-1147,Mechanical Keyboard RGB,5,138.29,DE
ORD-000748,2026/01/29,CUST-1148,Yoga Mat Premium,5,234.27,DE
ORD-000749,2026/01/30,CUST-1149,Leather Wallet Classic,5,55.37,AU
ORD-000750,2026/01/31,CUST-1150,Standing Desk Converter,3,115.83,CN
ORD-000751,2026/02/01,CUST-1151,Mechanical Keyboard RGB,2,204.82,CA
ORD-000752,2026/02/02,CUST-1152,Yoga Mat Premium,1,58.62,US
ORD-000753,2026/02/03,CUST-1153,Air Purifier Small,4,286.41,JP
ORD-000754,2026/02/04,CUST-1154,Air Purifier Small,4,266.07,JP
ORD-000755,2026/02/05,CUST-1155,Portable Power Bank,5,275.68,CA
ORD-000756,2026/02/06,CUST-1156,Wireless Headphones Pro,3,196.47,CN
ORD-000757,2026/02/07,CUST-1157,Wireless Charger Pad,4,110.17,DE
ORD-000758,2026/02/08,CUST-1158,Wireless Headphones Pro,2,238.8,US
ORD-000759,2026/02/09,CUST-1159,Bluetooth Speaker Mini,3,59.25,CA
ORD-000760,2026/02/10,CUST-1160,LED Desk Lamp,3,143.81,CA
ORD-000761,2026/02/11,CUST-1161,Standing Desk Converter,2,186.93,IN
ORD-000762,2026/02/12,CUST-1162,External SSD 1TB,4,121.57,JP
ORD-000763,2026/02/13,CUST-1163,Yoga Mat Premium,2,215.42,US
ORD-000764,2026/02/14,CUST-1164,Running Shoes Elite,2,135.4,US
ORD-000765,2026/02/15,CUST-1165,Wireless Headphones Pro,4,282.96,IN
ORD-000766,2026/02/16,CUST-1166,4K Webcam Pro,3,290.04,FR
ORD-000767,2026/02/17,CUST-1167,4K Webcam Pro,5,279.16,US
ORD-000768,2026/02/18,CUST-1168,Bluetooth Speaker Mini,5,265.0,UK
ORD-000769,2026/02/19,CUST-1169,External SSD 1TB,4,194.31,CN
ORD-000770,2026/02/20,CUST-1170,Monitor Arm Dual,2,182.51,US
ORD-000771,2026/02/21,CUST-1171,External SSD 1TB,2,280.03,BR
ORD-000772,2026/02/22,CUST-1172,Air Purifier Small,4,55.73,CA
ORD-000773,2026/02/23,CUST-1173,Bluetooth Speaker Mini,5,203.69,AU
ORD-000774,2026/02/24,CUST-1174,Wireless Headphones Pro,3,81.49,CN
ORD-000775,2026/02/25,CUST-1175,Mechanical Keyboard RGB,1,287.89,JP
ORD-000776,2026/02/26,CUST-1176,4K Webcam Pro,1,101.46,DE
ORD-000777,2026/02/27,CUST-1177,Monitor Arm Dual,1,284.09,FR
ORD-000778,2026/02/28,CUST-1178,Portable Power Bank,4,84.69,AU
ORD-000779,2026/03/01,CUST-1179,Running Shoes Elite,4,172.25,CA
ORD-000780,2026/03/02,CUST-1180,Wireless Mouse Silent,3,262.53,US
ORD-000781,2026/03/03,CUST-1181,Organic Cotton T-Shirt,3,67.81,AU
ORD-000782,2026/03/04,CUST-1182,Noise Cancelling Earbuds,5,255.12,AU
ORD-000783,2026/03/05,CUST-1183,Bluetooth Speaker Mini,5,260.64,US
ORD-000784,2026/03/06,CUST-1184,LED Desk Lamp,5,192.07,JP
ORD-000785,2026/03/07,CUST-1185,Running Shoes Elite,1,248.56,BR
ORD-000786,2026/03/08,CUST-1186,LED Desk Lamp,5,298.0,US
ORD-000787,2026/03/09,CUST-1187,Monitor Arm Dual,3,204.46,JP
ORD-000788,2026/03/10,CUST-1188,Wireless Charger Pad,3,176.3,IN
ORD-000789,2026/03/11,CUST-1189,Smart Watch Series 5,2,192.08,CA
ORD-000790,2026/03/12,CUST-1190,Wireless Mouse Silent,2,297.37,IN
ORD-000791,2026/03/13,CUST-1191,LED Desk Lamp,2,150.5,CA
ORD-000792,2026/03/14,CUST-1192,Portable Power Bank,4,271.18,US
ORD-000793,2026/03/15,CUST-1193,Monitor Arm Dual,3,206.3,DE
ORD-000794,2026/03/16,CUST-1194,Smart Watch Series 5,4,218.48,CN
ORD-000795,2026/03/17,CUST-1195,Standing Desk Converter,4,218.06,IN
ORD-000796,2026/03/18,CUST-1196,LED Desk Lamp,1,250.86,US
ORD-000797,2026/03/19,CUST-1197,Wireless Mouse Silent,2,136.61,CA
ORD-000798,2026/03/20,CUST-1198,Monitor Arm Dual,3,203.58,UK
ORD-000799,2026/03/21,CUST-1199,Bluetooth Speaker Mini,1,38.19,UK
ORD-000800,2026/03/22,CUST-1000,Wireless Mouse Silent,4,285.52,AU
ORD-000801,2026/03/23,CUST-1001,Standing Desk Converter,5,266.03,BR
ORD-000802,2026/03/24,CUST-1002,Running Shoes Elite,4,159.06,US
ORD-000803,2026/03/25,CUST-1003,4K Webcam Pro,5,39.47,CN
ORD-000804,2026/03/26,CUST-1004,Organic Cotton T-Shirt,5,69.01,DE
ORD-000805,2026/03/27,CUST-1005,External SSD 1TB,5,49.41,CA
ORD-000806,2026/03/28,CUST-1006,Noise Cancelling Earbuds,1,138.02,BR
ORD-000807,2026/03/29,CUST-1007,Wireless Headphones Pro,3,236.64,BR
ORD-000808,2026/03/30,CUST-1008,4K Webcam Pro,4,215.71,CA
ORD-000809,2026/03/31,CUST-1009,External SSD 1TB,4,198.19,IN
ORD-000810,2026/04/01,CUST-1010,Noise Cancelling Earbuds,1,119.88,US
ORD-000811,2026/04/02,CUST-1011,Air Purifier Small,5,232.26,BR
ORD-000812,2026/04/03,CUST-1012,Smart Watch Series 5,4,168.34,FR
ORD-000813,2026/04/04,CUST-1013,Mechanical Keyboard RGB,5,143.02,CA
ORD-000814,2026/04/05,CUST-1014,Standing Desk Converter,5,278.84,CA
ORD-000815,2026/04/06,CUST-1015,Portable Power Bank,2,248.26,DE
ORD-000816,2026/04/07,CUST-1016,Standing Desk Converter,3,284.89,US
ORD-000817,2026/04/08,CUST-1017,Ergonomic Office Chair,2,190.16,CA
ORD-000818,2026/04/09,CUST-1018,Stainless Steel Water Bottle,2,59.98,AU
ORD-000819,2026/04/10,CUST-1019,Air Purifier Small,1,189.11,CN
ORD-000820,2026/04/11,CUST-1020,Yoga Mat Premium,4,294.46,DE
ORD-000821,2026/04/12,CUST-1021,Wireless Headphones Pro,3,268.47,IN
ORD-000822,2026/04/13,CUST-1022,Air Purifier Small,2,73.77,BR
ORD-000823,2026/04/14,CUST-1023,Smart Watch Series 5,3,54.47,CN
ORD-000824,2026/04/15,CUST-1024,Smart Watch Series 5,5,65.32,DE
ORD-000825,2026/04/16,CUST-1025,Yoga Mat Premium,4,64.21,CA
ORD-000826,2026/04/17,CUST-1026,Standing Desk Converter,3,88.57,JP
ORD-000827,2026/04/18,CUST-1027,Smart Watch Series 5,5,183.83,JP
ORD-000828,2026/04/19,CUST-1028,Wireless Charger Pad,1,52.36,UK
ORD-000829,2026/04/20,CUST-1029,Yoga Mat Premium,3,134.83,IN
ORD-000830,2026/04/21,CUST-1030,Running Shoes Elite,4,223.84,FR
ORD-000831,2026/04/22,CUST-1031,Standing Desk Converter,5,94.75,JP
ORD-000832,2026/04/23,CUST-1032,Mechanical Keyboard RGB,2,214.53,CN
ORD-000833,2026/04/24,CUST-1033,Leather Wallet Classic,3,128.83,BR
ORD-000834,2026/04/25,CUST-1034,Wireless Mouse Silent,3,93.58,FR
ORD-000835,2026/04/26,CUST-1035,Smart Watch Series 5,4,100.06,CN
ORD-000836,2026/04/27,CUST-1036,4K Webcam Pro,3,247.73,UK
ORD-000837,2026/04/28,CUST-1037,Monitor Arm Dual,4,221.49,IN
ORD-000838,2026/04/29,CUST-1038,Smart Watch Series 5,5,41.2,FR
ORD-000839,2026/04/30,CUST-1039,4K Webcam Pro,4,198.17,FR
ORD-000840,2026/05/01,CUST-1040,Air Purifier Small,4,90.65,CA
ORD-000841,2026/05/02,CUST-1041,Wireless Mouse Silent,3,270.57,IN
ORD-000842,2026/05/03,CUST-1042,Noise Cancelling Earbuds,2,291.31,DE
ORD-000843,2026/05/04,CUST-1043,LED Desk Lamp,3,168.82,IN
ORD-000844,2026/05/05,CUST-1044,Air Purifier Small,1,209.28,FR
ORD-000845,2026/05/06,CUST-1045,External SSD 1TB,1,265.14,UK
ORD-000846,2026/05/07,CUST-1046,Leather Wallet Classic,4,72.6,UK
ORD-000847,2026/05/08,CUST-1047,Organic Cotton T-Shirt,2,122.51,JP
ORD-000848,2026/05/09,CUST-1048,Mechanical Keyboard RGB,5,278.07,UK
ORD-000849,2026/05/10,CUST-1049,Wireless Charger Pad,4,167.05,CN
ORD-000850,2026/05/11,CUST-1050,Wireless Mouse Silent,2,233.68,CN
ORD-000851,2026/05/12,CUST-1051,Standing Desk Converter,3,272.4,CA
ORD-000852,2026/05/13,CUST-1052,Portable Power Bank,2,276.62,CN
ORD-000853,2026/05/14,CUST-1053,Monitor Arm Dual,3,290.12,CA
ORD-000854,2026/05/15,CUST-1054,Yoga Mat Premium,2,139.93,JP
ORD-000855,2026/05/16,CUST-1055,4K Webcam Pro,2,205.69,FR
ORD-000856,2026/05/17,CUST-1056,Running Shoes Elite,1,203.45,BR
ORD-000857,2026/05/18,CUST-1057,Yoga Mat Premium,4,266.1,FR
ORD-000858,2026/05/19,CUST-1058,Standing Desk Converter,4,102.54,CN
ORD-000859,2026/05/20,CUST-1059,Air Purifier Small,2,156.96,AU
ORD-000860,2026/05/21,CUST-1060,Wireless Headphones Pro,2,262.98,IN
ORD-000861,2026/05/22,CUST-1061,Wireless Mouse Silent,1,282.88,IN
ORD-000862,2026/05/23,CUST-1062,Portable Power Bank,1,213.49,CN
ORD-000863,2026/05/24,CUST-1063,Portable Power Bank,1,193.57,CA
ORD-000864,2026/05/25,CUST-1064,Mechanical Keyboard RGB,3,213.76,US
ORD-000865,2026/05/26,CUST-1065,Stainless Steel Water Bottle,1,255.98,UK
ORD-000866,2026/05/27,CUST-1066,Organic Cotton T-Shirt,4,83.72,BR
ORD-000867,2026/05/28,CUST-1067,Bluetooth Speaker Mini,1,102.11,US
ORD-000868,2026/05/29,CUST-1068,External SSD 1TB,1,122.67,AU
ORD-000869,2026/05/30,CUST-1069,Stainless Steel Water Bottle,3,256.96,FR
ORD-000870,2026/05/31,CUST-1070,Air Purifier Small,4,245.96,CA
ORD-000871,2026/06/01,CUST-1071,Wireless Headphones Pro,3,249.14,UK
ORD-000872,2026/06/02,CUST-1072,Air Purifier Small,2,92.62,DE
ORD-000873,2026/06/03,CUST-1073,Portable Power Bank,4,52.6,CN
ORD-000874,2026/06/04,CUST-1074,Air Purifier Small,2,188.85,BR
ORD-000875,2026/06/05,CUST-1075,Yoga Mat Premium,4,72.03,CA
ORD-000876,2026/06/06,CUST-1076,4K Webcam Pro,5,107.01,UK
ORD-000877,2026/06/07,CUST-1077,Portable Power Bank,4,108.77,US
ORD-000878,2026/06/08,CUST-1078,Wireless Charger Pad,5,124.79,IN
ORD-000879,2026/06/09,CUST-1079,Air Purifier Small,3,36.25,IN
ORD-000880,2026/06/10,CUST-1080,Wireless Mouse Silent,4,80.67,IN
ORD-000881,2026/06/11,CUST-1081,Stainless Steel Water Bottle,1,206.54,BR
ORD-000882,2026/06/12,CUST-1082,Portable Power Bank,5,60.45,DE
ORD-000883,2026/06/13,CUST-1083,Portable Power Bank,5,278.67,DE
ORD-000884,2026/06/14,CUST-1084,LED Desk Lamp,4,204.38,CA
ORD-000885,2026/06/15,CUST-1085,External SSD 1TB,4,61.27,UK
ORD-000886,2026/06/16,CUST-1086,Bluetooth Speaker Mini,4,138.97,UK
ORD-000887,2026/06/17,CUST-1087,Mechanical Keyboard RGB,5,142.33,CA
ORD-000888,2026/06/18,CUST-1088,Air Purifier Small,1,39.9,CN
ORD-000889,2026/06/19,CUST-1089,Standing Desk Converter,5,45.02,AU
ORD-000890,2026/06/20,CUST-1090,Stainless Steel Water Bottle,1,255.34,AU
ORD-000891,2026/06/21,CUST-1091,Monitor Arm Dual,3,294.88,UK
ORD-000892,2026/06/22,CUST-1092,LED Desk Lamp,3,47.97,US
ORD-000893,2026/06/23,CUST-1093,Monitor Arm Dual,2,257.6,BR
ORD-000894,2026/06/24,CUST-1094,Wireless Mouse Silent,1,96.31,BR
ORD-000895,2026/06/25,CUST-1095,Air Purifier Small,1,274.16,FR
ORD-000896,2026/06/26,CUST-1096,Bluetooth Speaker Mini,2,224.79,CA
ORD-000897,2026/06/27,CUST-1097,LED Desk Lamp,1,275.0,FR
ORD-000898,2026/06/28,CUST-1098,Bluetooth Speaker Mini,2,153.99,CN
ORD-000899,2026/06/29,CUST-1099,Wireless Headphones Pro,4,126.2,DE
ORD-000900,2026/01/01,CUST-1100,Air Purifier Small,2,30.07,CN
ORD-000901,2026/01/02,CUST-1101,Portable Power Bank,4,141.02,FR
ORD-000902,2026/01/03,CUST-1102,Portable Power Bank,3,168.73,BR
ORD-000903,2026/01/04,CUST-1103,Bluetooth Speaker Mini,5,232.22,IN
ORD-000904,2026/01/05,CUST-1104,Portable Power Bank,3,279.02,CN
ORD-000905,2026/01/06,CUST-1105,Portable Power Bank,3,85.62,UK
ORD-000906,2026/01/07,CUST-1106,Portable Power Bank,2,218.89,DE
ORD-000907,2026/01/08,CUST-1107,Smart Watch Series 5,2,237.46,IN
ORD-000908,2026/01/09,CUST-1108,Monitor Arm Dual,1,83.56,CA
ORD-000909,2026/01/10,CUST-1109,Smart Watch Series 5,1,53.32,FR
ORD-000910,2026/01/11,CUST-1110,Portable Power Bank,5,136.55,JP
ORD-000911,2026/01/12,CUST-1111,Smart Watch Series 5,5,245.67,UK
ORD-000912,2026/01/13,CUST-1112,Standing Desk Converter,5,204.42,IN
ORD-000913,2026/01/14,CUST-1113,Wireless Mouse Silent,3,174.38,US
ORD-000914,2026/01/15,CUST-1114,Yoga Mat Premium,4,59.11,AU
ORD-000915,2026/01/16,CUST-1115,LED Desk Lamp,3,220.73,UK
ORD-000916,2026/01/17,CUST-1116,Leather Wallet Classic,4,227.75,FR
ORD-000917,2026/01/18,CUST-1117,Mechanical Keyboard RGB,1,128.36,IN
ORD-000918,2026/01/19,CUST-1118,Organic Cotton T-Shirt,5,165.14,US
ORD-000919,2026/01/20,CUST-1119,Wireless Charger Pad,5,256.93,US
ORD-000920,2026/01/21,CUST-1120,Stainless Steel Water Bottle,4,80.95,US
ORD-000921,2026/01/22,CUST-1121,Air Purifier Small,5,275.54,BR
ORD-000922,2026/01/23,CUST-1122,Noise Cancelling Earbuds,2,99.91,AU
ORD-000923,2026/01/24,CUST-1123,Smart Watch Series 5,5,221.17,JP
ORD-000924,2026/01/25,CUST-1124,Standing Desk Converter,4,196.87,IN
ORD-000925,2026/01/26,CUST-1125,Wireless Mouse Silent,5,90.51,AU
ORD-000926,2026/01/27,CUST-1126,Air Purifier Small,5,64.02,UK
ORD-000927,2026/01/28,CUST-1127,Leather Wallet Classic,2,197.04,CA
ORD-000928,2026/01/29,CUST-1128,Air Purifier Small,4,147.71,AU
ORD-000929,2026/01/30,CUST-1129,External SSD 1TB,5,135.73,FR
ORD-000930,2026/01/31,CUST-1130,Mechanical Keyboard RGB,2,223.8,JP
ORD-000931,2026/02/01,CUST-1131,LED Desk Lamp,3,235.02,JP
ORD-000932,2026/02/02,CUST-1132,Stainless Steel Water Bottle,5,263.76,DE
ORD-000933,2026/02/03,CUST-1133,Air Purifier Small,1,138.48,IN
ORD-000934,2026/02/04,CUST-1134,Portable Power Bank,4,209.92,UK
ORD-000935,2026/02/05,CUST-1135,Smart Watch Series 5,5,167.69,CA
ORD-000936,2026/02/06,CUST-1136,Yoga Mat Premium,1,298.7,UK
ORD-000937,2026/02/07,CUST-1137,Organic Cotton T-Shirt,3,104.22,US
