ORD-000001,2026/01/02,CUST-1001,Leather Wallet Classic,3,94.16,FR
ORD-000002,2026/01/03,CUST-1002,Noise Cancelling Earbuds,2,208.11,JP
ORD-000003,2026/01/04,CUST-1003,Bluetooth Speaker Mini,5,174.07,US
ORD-000004,2026/01/05,CUST-1004,Air Purifier Small,2,229.48,CN
ORD-000005,2026/01/06,CUST-1005,4K Webcam Pro,5,159.47,AU
ORD-000006,2026/01/07,CUST-1006,Standing Desk Converter,2,80.02,AU
ORD-000007,2026/01/08,CUST-1007,Yoga Mat Premium,4,89.84,BR
ORD-000008,2026/01/09,CUST-1008,Leather Wallet Classic,3,247.34,BR
ORD-000009,2026/01/10,CUST-1009,Organic Cotton T-Shirt,4,248.57,DE
ORD-000010,2026/01/11,CUST-1010,Wireless Mouse Silent,5,56.56,BR
ORD-000011,2026/01/12,CUST-1011,Mechanical Keyboard RGB,3,279.75,AU
ORD-000012,2026/01/13,CUST-1012,Organic Cotton T-Shirt,1,288.58,AU
ORD-000013,2026/01/14,CUST-1013,Bluetooth Speaker Mini,2,268.01,US
ORD-000014,2026/01/15,CUST-1014,Noise Cancelling Earbuds,3,240.99,CN
ORD-000015,2026/01/16,CUST-1015,Running Shoes Elite,4,119.55,AU
ORD-000016,2026/01/17,CUST-1016,Stainless Steel Water Bottle,2,285.91,US
ORD-000017,2026/01/18,CUST-1017,Ergonomic Office Chair,2,46.21,AU
ORD-000018,2026/01/19,CUST-1018,LED Desk Lamp,2,237.62,US
ORD-000019,2026/01/20,CUST-1019,Noise Cancelling Earbuds,3,41.35,IN
ORD-000020,2026/01/21,CUST-1020,Standing Desk Converter,1,113.59,AU
ORD-000021,2026/01/22,CUST-1021,Yoga Mat Premium,5,175.67,CA
ORD-000022,2026/01/23,CUST-1022,Bluetooth Speaker Mini,5,172.3,JP
ORD-000023,2026/01/24,CUST-1023,Wireless Mouse Silent,1,181.67,FR
ORD-000024,2026/01/25,CUST-1024,LED Desk Lamp,3,247.45,BR
ORD-000025,2026/01/26,CUST-1025,External SSD 1TB,2,183.17,AU
ORD-000026,2026/01/27,CUST-1026,Smart Watch Series 5,5,50.78,FR
ORD-000027,2026/01/28,CUST-1027,Mechanical Keyboard RGB,3,192.92,BR
ORD-000028,2026/01/29,CUST-1028,LED Desk Lamp,3,74.32,BR
ORD-000029,2026/01/30,CUST-1029,Stainless Steel Water Bottle,5,296.96,DE
ORD-000030,2026/01/31,CUST-1030,Wireless Charger Pad,2,75.83,US
ORD-000031,2026/02/01,CUST-1031,Stainless Steel Water Bottle,2,131.88,CA
ORD-000032,2026/02/02,CUST-1032,Yoga Mat Premium,1,175.05,BR
ORD-000033,2026/02/03,CUST-1033,Stainless Steel Water Bottle,1,51.82,UK
ORD-000034,2026/02/04,CUST-1034,Running Shoes Elite,3,256.46,IN
ORD-000035,2026/02/05,CUST-1035,Smart Watch Series 5,5,167.07,CA
ORD-000036,2026/02/06,CUST-1036,Organic Cotton T-Shirt,4,158.92,BR
ORD-000037,2026/02/07,CUST-1037,Leather Wallet Classic,3,205.92,DE
ORD-000038,2026/02/08,CUST-1038,Stainless Steel Water Bottle,4,55.06,US
ORD-000039,2026/02/09,CUST-1039,Noise Cancelling Earbuds,1,260.33,CA
ORD-000040,2026/02/10,CUST-1040,Mechanical Keyboard RGB,4,55.15,DE
ORD-000041,2026/02/11,CUST-1041,Wireless Headphones Pro,3,57.78,DE
ORD-000042,2026/02/12,CUST-1042,Ergonomic Office Chair,5,87.36,FR
ORD-000043,2026/02/13,CUST-1043,Yoga Mat Premium,1,289.21,CN
ORD-000044,2026/02/14,CUST-1044,Organic Cotton T-Shirt,2,122.66,US
ORD-000045,2026/02/15,CUST-1045,Organic Cotton T-Shirt,3,242.59,CA
ORD-000046,2026/02/16,CUST-1046,LED Desk Lamp,2,282.2,JP
ORD-000047,2026/02/17,CUST-1047,Mechanical Keyboard RGB,1,52.02,CA
ORD-000048,2026/02/18,CUST-1048,Wireless Mouse Silent,1,288.6,US
ORD-000049,2026/02/19,CUST-1049,Mechanical Keyboard RGB,3,162.82,BR
ORD-000050,2026/02/20,CUST-1050,Air Purifier Small,4,209.41,IN
ORD-000051,2026/02/21,CUST-1051,Standing Desk Converter,1,231.42,CN
ORD-000052,2026/02/22,CUST-1052,Wireless Mouse Silent,2,270.59,US
ORD-000053,2026/02/23,CUST-1053,Wireless Mouse Silent,1,287.54,CA
ORD-000054,2026/02/24,CUST-1054,Bluetooth Speaker Mini,1,271.45,AU
ORD-000055,2026/02/25,CUST-1055,Wireless Mouse Silent,5,136.24,JP
ORD-000056,2026/02/26,CUST-1056,Wireless Mouse Silent,4,218.36,AU
ORD-000057,2026/02/27,CUST-1057,Smart Watch Series 5,5,277.26,DE
ORD-000058,2026/02/28,CUST-1058,Ergonomic Office Chair,4,54.47,IN
ORD-000059,2026/03/01,CUST-1059,Standing Desk Converter,2,217.16,BR
ORD-000060,2026/03/02,CUST-1060,Leather Wallet Classic,5,59.95,JP
ORD-000061,2026/03/03,CUST-1061,4K Webcam Pro,4,189.0,UK
ORD-000062,2026/03/04,CUST-1062,Noise Cancelling Earbuds,3,286.11,BR
ORD-000063,2026/03/05,CUST-1063,Stainless Steel Water Bottle,1,233.79,US
ORD-000064,2026/03/06,CUST-1064,Ergonomic Office Chair,2,143.63,CN
ORD-000065,2026/03/07,CUST-1065,Wireless Mouse Silent,2,204.03,CN
ORD-000066,2026/03/08,CUST-1066,Stainless Steel Water Bottle,5,234.26,CA
ORD-000067,2026/03/09,CUST-1067,4K Webcam Pro,3,211.51,BR
ORD-000068,2026/03/10,CUST-1068,Wireless Headphones Pro,5,198.38,UK
ORD-000069,2026/03/11,CUST-1069,Wireless Charger Pad,2,209.23,CA
ORD-000070,2026/03/12,CUST-1070,Bluetooth Speaker Mini,2,282.62,CN
ORD-000071,2026/03/13,CUST-1071,Noise Cancelling Earbuds,5,63.24,JP
ORD-000072,2026/03/14,CUST-1072,Wireless Mouse Silent,1,165.71,FR
ORD-000073,2026/03/15,CUST-1073,Running Shoes Elite,5,139.65,FR
ORD-000074,2026/03/16,CUST-1074,Stainless Steel Water Bottle,5,175.43,FR
ORD-000075,2026/03/17,CUST-1075,External SSD 1TB,4,95.02,FR
ORD-000076,2026/03/18,CUST-1076,Wireless Headphones Pro,4,54.18,CN
ORD-000077,2026/03/19,CUST-1077,Smart Watch Series 5,3,240.22,CN
ORD-000078,2026/03/20,CUST-1078,Running Shoes Elite,1,174.94,CN
ORD-000079,2026/03/21,CUST-1079,Noise Cancelling Earbuds,1,133.55,IN
ORD-000080,2026/03/22,CUST-1080,Organic Cotton T-Shirt,5,99.5,CA
ORD-000081,2026/03/23,CUST-1081,Leather Wallet Classic,1,247.64,CN
ORD-000082,2026/03/24,CUST-1082,Standing Desk Converter,5,162.39,JP
ORD-000083,2026/03/25,CUST-1083,LED Desk Lamp,4,234.91,IN
ORD-000084,2026/03/26,CUST-1084,Wireless Charger Pad,4,75.47,AU
ORD-000085,2026/03/27,CUST-1085,Air Purifier Small,3,97.07,FR
ORD-000086,2026/03/28,CUST-1086,Running Shoes Elite,3,95.4,JP
ORD-000087,2026/03/29,CUST-1087,Yoga Mat Premium,2,57.34,CA
ORD-000088,2026/03/30,CUST-1088,Yoga Mat Premium,1,232.06,BR
ORD-000089,2026/03/31,CUST-1089,Ergonomic Office Chair,5,279.42,FR
ORD-000090,2026/04/01,CUST-1090,Ergonomic Office Chair,4,278.78,AU
ORD-000091,2026/04/02,CUST-1091,Mechanical Keyboard RGB,3,158.87,BR
ORD-000092,2026/04/03,CUST-1092,4K Webcam Pro,2,298.62,DE
ORD-000093,2026/04/04,CUST-1093,Running Shoes Elite,3,280.76,JP
ORD-000094,2026/04/05,CUST-1094,Running Shoes Elite,5,51.04,FR
ORD-000095,2026/04/06,CUST-1095,Standing Desk Converter,4,134.41,DE
ORD-000096,2026/04/07,CUST-1096,Leather Wallet Classic,2,76.41,AU
ORD-000097,2026/04/08,CUST-1097,Ergonomic Office Chair,2,37.77,AU
ORD-000098,2026/04/09,CUST-1098,LED Desk Lamp,3,98.45,FR
ORD-000099,2026/04/10,CUST-1099,Portable Power Bank,1,42.92,BR
ORD-000100,2026/04/11,CUST-1100,Noise Cancelling Earbuds,2,178.46,IN
ORD-000101,2026/04/12,CUST-1101,Wireless Charger Pad,2,267.75,AU
ORD-000102,2026/04/13,CUST-1102,Monitor Arm Dual,3,228.14,CA
ORD-000103,2026/04/14,CUST-1103,Stainless Steel Water Bottle,4,52.26,AU
ORD-000104,2026/04/15,CUST-1104,4K Webcam Pro,3,78.05,IN
ORD-000105,2026/04/16,CUST-1105,LED Desk Lamp,2,47.24,US
ORD-000106,2026/04/17,CUST-1106,Smart Watch Series 5,4,32.48,AU
ORD-000107,2026/04/18,CUST-1107,Noise Cancelling Earbuds,5,242.76,IN
ORD-000108,2026/04/19,CUST-1108,Leather Wallet Classic,5,131.51,FR
ORD-000109,2026/04/20,CUST-1109,Air Purifier Small,2,49.3,BR
ORD-000110,2026/04/21,CUST-1110,Mechanical Keyboard RGB,5,125.75,CN
ORD-000111,2026/04/22,CUST-1111,Ergonomic Office Chair,2,199.3,UK
ORD-000112,2026/04/23,CUST-1112,Air Purifier Small,4,122.67,CA
ORD-000113,2026/04/24,CUST-1113,Mechanical Keyboard RGB,4,184.52,CN
ORD-000114,2026/04/25,CUST-1114,Standing Desk Converter,3,58.45,FR
ORD-000115,2026/04/26,CUST-1115,Ergonomic Office Chair,1,222.0,IN
ORD-000116,2026/04/27,CUST-1116,Air Purifier Small,2,109.57,US
ORD-000117,2026/04/28,CUST-1117,Wireless Mouse Silent,4,141.26,US
ORD-000118,2026/04/29,CUST-1118,LED Desk Lamp,5,176.16,JP
ORD-000119,2026/04/30,CUST-1119,Ergonomic Office Chair,3,288.12,JP
ORD-000120,2026/05/01,CUST-1120,Bluetooth Speaker Mini,3,137.61,CA
ORD-000121,2026/05/02,CUST-1121,Mechanical Keyboard RGB,3,97.33,CN
ORD-000122,2026/05/03,CUST-1122,Stainless Steel Water Bottle,5,256.28,DE
ORD-000123,2026/05/04,CUST-1123,LED Desk Lamp,2,266.11,JP
ORD-000124,2026/05/05,CUST-1124,Standing Desk Converter,4,215.64,DE
ORD-000125,2026/05/06,CUST-1125,Standing Desk Converter,2,86.59,BR
ORD-000126,2026/05/07,CUST-1126,Bluetooth Speaker Mini,3,238.52,BR
ORD-000127,2026/05/08,CUST-1127,Stainless Steel Water Bottle,2,63.32,US
ORD-000128,2026/05/09,CUST-1128,Air Purifier Small,5,116.03,UK
ORD-000129,2026/05/10,CUST-1129,Standing Desk Converter,4,202.38,US
ORD-000130,2026/05/11,CUST-1130,Wireless Headphones Pro,5,106.4,UK
ORD-000131,2026/05/12,CUST-1131,Portable Power Bank,1,277.75,UK
ORD-000132,2026/05/13,CUST-1132,Portable Power Bank,5,30.28,IN
ORD-000133,2026/05/14,CUST-1133,Monitor Arm Dual,2,230.57,UK
ORD-000134,2026/05/15,CUST-1134,External SSD 1TB,3,190.74,UK
ORD-000135,2026/05/16,CUST-1135,Wireless Charger Pad,4,191.41,CA
ORD-000136,2026/05/17,CUST-1136,Portable Power Bank,2,152.89,FR
ORD-000137,2026/05/18,CUST-1137,External SSD 1TB,3,237.43,US
ORD-000138,2026/05/19,CUST-1138,Wireless Charger Pad,2,182.8,CN
ORD-000139,2026/05/20,CUST-1139,Noise Cancelling Earbuds,3,233.77,FR
ORD-000140,2026/05/21,CUST-1140,4K Webcam Pro,3,262.48,CN
ORD-000141,2026/05/22,CUST-1141,Mechanical Keyboard RGB,2,202.77,JP
ORD-000142,2026/05/23,CUST-1142,Bluetooth Speaker Mini,2,155.74,UK
ORD-000143,2026/05/24,CUST-1143,Smart Watch Series 5,4,148.48,IN
ORD-000144,2026/05/25,CUST-1144,Wireless Mouse Silent,5,230.56,UK
ORD-000145,2026/05/26,CUST-1145,Wireless Mouse Silent,2,213.23,IN
ORD-000146,2026/05/27,CUST-1146,Wireless Charger Pad,2,72.61,JP
ORD-000147,2026/05/28,CUST-1147,Leather Wallet Classic,5,269.67,DE
ORD-000148,2026/05/29,CUST-1148,Ergonomic Office Chair,4,262.84,CA
ORD-000149,2026/05/30,CUST-1149,Wireless Mouse Silent,1,172.27,CA
ORD-000150,2026/05/31,CUST-1150,Ergonomic Office Chair,3,105.6,AU
ORD-000151,2026/06/01,CUST-1151,Organic Cotton T-Shirt,3,280.25,CA
ORD-000152,2026/06/02,CUST-1152,LED Desk Lamp,1,268.67,JP
ORD-000153,2026/06/03,CUST-1153,Smart Watch Series 5,4,246.83,IN
ORD-000154,2026/06/04,CUST-1154,Leather Wallet Classic,5,93.31,UK
ORD-000155,2026/06/05,CUST-1155,Standing Desk Converter,3,273.8,CA
ORD-000156,2026/06/06,CUST-1156,Stainless Steel Water Bottle,5,207.04,BR
ORD-000157,2026/06/07,CUST-1157,Monitor Arm Dual,4,76.23,AU
ORD-000158,2026/06/08,CUST-1158,Leather Wallet Classic,2,102.13,CN
ORD-000159,2026/06/09,CUST-1159,Leather Wallet Classic,5,256.12,UK
ORD-000160,2026/06/10,CUST-1160,Wireless Headphones Pro,3,242.63,FR
ORD-000161,2026/06/11,CUST-1161,Monitor Arm Dual,4,254.04,CN
ORD-000162,2026/06/12,CUST-1162,Bluetooth Speaker Mini,4,146.39,CA
ORD-000163,2026/06/13,CUST-1163,Portable Power Bank,4,91.3,UK
ORD-000164,2026/06/14,CUST-1164,4K Webcam Pro,2,113.34,JP
ORD-000165,2026/06/15,CUST-1165,Leather Wallet Classic,2,191.11,BR
ORD-000166,2026/06/16,CUST-1166,Wireless Mouse Silent,4,71.68,UK
ORD-000167,2026/06/17,CUST-1167,Yoga Mat Premium,2,101.02,AU
ORD-000168,2026/06/18,CUST-1168,Smart Watch Series 5,1,295.05,AU
ORD-000169,2026/06/19,CUST-1169,Leather Wallet Classic,1,157.26,CN
ORD-000170,2026/06/20,CUST-1170,Standing Desk Converter,1,162.58,BR
ORD-000171,2026/06/21,CUST-1171,Wireless Headphones Pro,4,205.68,US
ORD-000172,2026/06/22,CUST-1172,Portable Power Bank,2,34.79,AU
ORD-000173,2026/06/23,CUST-1173,Portable Power Bank,1,197.77,AU
ORD-000174,2026/06/24,CUST-1174,Noise Cancelling Earbuds,2,288.25,FR
ORD-000175,2026/06/25,CUST-1175,Wireless Headphones Pro,2,270.06,CN
ORD-000176,2026/06/26,CUST-1176,Wireless Charger Pad,5,147.16,IN
ORD-000177,2026/06/27,CUST-1177,Leather Wallet Classic,5,234.06,IN
ORD-000178,2026/06/28,CUST-1178,Air Purifier Small,3,219.17,FR
ORD-000179,2026/06/29,CUST-1179,Wireless Headphones Pro,4,199.85,CA
ORD-000180,2026/01/01,CUST-1180,Bluetooth Speaker Mini,4,98.86,CA
ORD-000181,2026/01/02,CUST-1181,Stainless Steel Water Bottle,2,271.25,FR
ORD-000182,2026/01/03,CUST-1182,Leather Wallet Classic,5,49.28,AU
ORD-000183,2026/01/04,CUST-1183,Smart Watch Series 5,2,77.86,JP
ORD-000184,2026/01/05,CUST-1184,Monitor Arm Dual,4,75.38,IN
ORD-000185,2026/01/06,CUST-1185,Mechanical Keyboard RGB,5,106.43,IN
ORD-000186,2026/01/07,CUST-1186,4K Webcam Pro,5,258.2,JP
ORD-000187,2026/01/08,CUST-1187,Bluetooth Speaker Mini,5,200.1,BR
ORD-000188,2026/01/09,CUST-1188,Wireless Mouse Silent,5,248.12,BR
ORD-000189,2026/01/10,CUST-1189,Air Purifier Small,1,132.76,CA
ORD-000190,2026/01/11,CUST-1190,Ergonomic Office Chair,5,123.14,JP
ORD-000191,2026/01/12,CUST-1191,Noise Cancelling Earbuds,5,150.53,FR
ORD-000192,2026/01/13,CUST-1192,Yoga Mat Premium,1,283.44,IN
ORD-000193,2026/01/14,CUST-1193,Bluetooth Speaker Mini,5,248.3,FR
ORD-000194,2026/01/15,CUST-1194,Organic Cotton T-Shirt,2,187.42,AU
ORD-000195,2026/01/16,CUST-1195,Monitor Arm Dual,4,67.01,AU
ORD-000196,2026/01/17,CUST-1196,Smart Watch Series 5,5,167.9,UK
ORD-000197,2026/01/18,CUST-1197,Leather Wallet Classic,4,95.95,CA
ORD-000198,2026/01/19,CUST-1198,Ergonomic Office Chair,3,156.94,JP
ORD-000199,2026/01/20,CUST-1199,4K Webcam Pro,2,182.46,JP
ORD-000200,2026/01/21,CUST-1000,Organic Cotton T-Shirt,1,65.67,CN
ORD-000201,2026/01/22,CUST-1001,Bluetooth Speaker Mini,3,79.43,CA
ORD-000202,2026/01/23,CUST-1002,Bluetooth Speaker Mini,5,213.2,AU
ORD-000203,2026/01/24,CUST-1003,LED Desk Lamp,4,224.12,UK
ORD-000204,2026/01/25,CUST-1004,Running Shoes Elite,2,105.54,AU
ORD-000205,2026/01/26,CUST-1005,Wireless Headphones Pro,2,91.25,CN
ORD-000206,2026/01/27,CUST-1006,Leather Wallet Classic,2,63.59,CA
ORD-000207,2026/01/28,CUST-1007,Wireless Charger Pad,2,220.68,CA
ORD-000208,2026/01/29,CUST-1008,Yoga Mat Premium,3,73.19,DE
ORD-000209,2026/01/30,CUST-1009,4K Webcam Pro,5,259.42,DE
ORD-000210,2026/01/31,CUST-1010,Leather Wallet Classic,3,105.9,IN
ORD-000211,2026/02/01,CUST-1011,Portable Power Bank,4,158.22,UK
ORD-000212,2026/02/02,CUST-1012,Wireless Headphones Pro,3,135.86,US
ORD-000213,2026/02/03,CUST-1013,Portable Power Bank,5,287.12,UK
ORD-000214,2026/02/04,CUST-1014,External SSD 1TB,1,92.31,JP
ORD-000215,2026/02/05,CUST-1015,Portable Power Bank,2,149.85,UK
ORD-000216,2026/02/06,CUST-1016,Mechanical Keyboard RGB,2,221.45,FR
ORD-000217,2026/02/07,CUST-1017,Organic Cotton T-Shirt,1,79.97,DE
ORD-000218,2026/02/08,CUST-1018,Portable Power Bank,1,188.04,US
ORD-000219,2026/02/09,CUST-1019,Yoga Mat Premium,4,151.02,CA
ORD-000220,2026/02/10,CUST-1020,Standing Desk Converter,3,262.44,AU
ORD-000221,2026/02/11,CUST-1021,4K Webcam Pro,3,299.74,CN
ORD-000222,2026/02/12,CUST-1022,Wireless Headphones Pro,1,178.79,AU
ORD-000223,2026/02/13,CUST-1023,Ergonomic Office Chair,3,46.95,UK
ORD-000224,2026/02/14,CUST-1024,External SSD 1TB,5,47.91,JP
ORD-000225,2026/02/15,CUST-1025,Leather Wallet Classic,2,33.25,AU
ORD-000226,2026/02/16,CUST-1026,Noise Cancelling Earbuds,4,184.06,JP
ORD-000227,2026/02/17,CUST-1027,LED Desk Lamp,1,196.86,BR
ORD-000228,2026/02/18,CUST-1028,Wireless Headphones Pro,1,235.96,JP
ORD-000229,2026/02/19,CUST-1029,4K Webcam Pro,3,128.71,CA
ORD-000230,2026/02/20,CUST-1030,Ergonomic Office Chair,3,153.63,DE
ORD-000231,2026/02/21,CUST-1031,Wireless Charger Pad,2,58.22,FR
ORD-000232,2026/02/22,CUST-1032,Stainless Steel Water Bottle,1,203.7,US
ORD-000233,2026/02/23,CUST-1033,Standing Desk Converter,3,69.97,CN
ORD-000234,2026/02/24,CUST-1034,Wireless Mouse Silent,4,175.11,JP
ORD-000235,2026/02/25,CUST-1035,Organic Cotton T-Shirt,3,183.01,JP
ORD-000236,2026/02/26,CUST-1036,Monitor Arm Dual,3,73.9,DE
ORD-000237,2026/02/27,CUST-1037,Bluetooth Speaker Mini,3,129.81,IN
ORD-000238,2026/02/28,CUST-1038,External SSD 1TB,1,265.1,AU
ORD-000239,2026/03/01,CUST-1039,Smart Watch Series 5,5,102.1,FR
ORD-000240,2026/03/02,CUST-1040,Yoga Mat Premium,3,137.57,US
ORD-000241,2026/03/03,CUST-1041,Stainless Steel Water Bottle,1,111.07,BR
ORD-000242,2026/03/04,CUST-1042,Wireless Charger Pad,2,42.05,JP
ORD-000243,2026/03/05,CUST-1043,4K Webcam Pro,2,202.52,CN
ORD-000244,2026/03/06,CUST-1044,Monitor Arm Dual,3,130.96,JP
ORD-000245,2026/03/07,CUST-1045,Stainless Steel Water Bottle,4,176.0,FR
ORD-000246,2026/03/08,CUST-1046,Stainless Steel Water Bottle,2,82.07,UK
ORD-000247,2026/03/09,CUST-1047,Running Shoes Elite,2,158.5,BR
ORD-000248,2026/03/10,CUST-1048,Mechanical Keyboard RGB,2,80.51,AU
ORD-000249,2026/03/11,CUST-1049,LED Desk Lamp,3,102.02,AU
ORD-000250,2026/03/12,CUST-1050,Wireless Headphones Pro,2,144.26,FR
ORD-000251,2026/03/13,CUST-1051,Organic Cotton T-Shirt,2,204.69,AU
ORD-000252,2026/03/14,CUST-1052,Monitor Arm Dual,5,260.95,CA
ORD-000253,2026/03/15,CUST-1053,External SSD 1TB,4,183.16,IN
ORD-000254,2026/03/16,CUST-1054,Organic Cotton T-Shirt,5,95.03,IN
ORD-000255,2026/03/17,CUST-1055,LED Desk Lamp,2,278.88,IN
ORD-000256,2026/03/18,CUST-1056,Monitor Arm Dual,1,200.18,US
ORD-000257,2026/03/19,CUST-1057,Ergonomic Office Chair,4,264.99,FR
ORD-000258,2026/03/20,CUST-1058,Mechanical Keyboard RGB,1,244.36,US
ORD-000259,2026/03/21,CUST-1059,Portable Power Bank,5,195.81,US
ORD-000260,2026/03/22,CUST-1060,Stainless Steel Water Bottle,5,138.73,BR
ORD-000261,2026/03/23,CUST-1061,Stainless Steel Water Bottle,4,78.8,AU
ORD-000262,2026/03/24,CUST-1062,Running Shoes Elite,2,54.41,AU
ORD-000263,2026/03/25,CUST-1063,Stainless Steel Water Bottle,5,216.19,FR
ORD-000264,2026/03/26,CUST-1064,Bluetooth Speaker Mini,4,31.86,CN
ORD-000265,2026/03/27,CUST-1065,Noise Cancelling Earbuds,1,34.02,AU
ORD-000266,2026/03/28,CUST-1066,Monitor Arm Dual,1,247.08,IN
ORD-000267,2026/03/29,CUST-1067,Wireless Charger Pad,1,85.93,UK
ORD-000268,2026/03/30,CUST-1068,LED Desk Lamp,5,224.56,CN
ORD-000269,2026/03/31,CUST-1069,External SSD 1TB,4,249.2,UK
ORD-000270,2026/04/01,CUST-1070,Noise Cancelling Earbuds,3,272.63,BR
ORD-000271,2026/04/02,CUST-1071,Wireless Mouse Silent,5,225.35,BR
ORD-000272,2026/04/03,CUST-1072,Air Purifier Small,5,195.5,DE
ORD-000273,2026/04/04,CUST-1073,Running Shoes Elite,1,142.05,US
ORD-000274,2026/04/05,CUST-1074,Yoga Mat Premium,4,296.77,CA
ORD-000275,2026/04/06,CUST-1075,External SSD 1TB,5,48.07,DE
ORD-000276,2026/04/07,CUST-1076,Monitor Arm Dual,5,200.62,CA
ORD-000277,2026/04/08,CUST-1077,Wireless Headphones Pro,3,290.28,JP
ORD-000278,2026/04/09,CUST-1078,Organic Cotton T-Shirt,1,106.95,CA
ORD-000279,2026/04/10,CUST-1079,Smart Watch Series 5,4,294.34,US
ORD-000280,2026/04/11,CUST-1080,Ergonomic Office Chair,4,173.24,JP
ORD-000281,2026/04/12,CUST-1081,Mechanical Keyboard RGB,3,180.02,AU
ORD-000282,2026/04/13,CUST-1082,4K Webcam Pro,3,233.18,FR
ORD-000283,2026/04/14,CUST-1083,Wireless Mouse Silent,2,55.57,AU
ORD-000284,2026/04/15,CUST-1084,Smart Watch Series 5,1,148.67,IN
ORD-000285,2026/04/16,CUST-1085,Running Shoes Elite,5,41.65,AU
ORD-000286,2026/04/17,CUST-1086,Leather Wallet Classic,1,224.2,IN
ORD-000287,2026/04/18,CUST-1087,Air Purifier Small,4,114.63,CA
ORD-000288,2026/04/19,CUST-1088,Leather Wallet Classic,1,86.19,AU
ORD-000289,2026/04/20,CUST-1089,Stainless Steel Water Bottle,3,217.22,CA
ORD-000290,2026/04/21,CUST-1090,Yoga Mat Premium,5,101.11,CN
ORD-000291,2026/04/22,CUST-1091,Mechanical Keyboard RGB,4,107.44,CA
ORD-000292,2026/04/23,CUST-1092,Air Purifier Small,5,63.98,UK
ORD-000293,2026/04/24,CUST-1093,4K Webcam Pro,4,219.28,UK
ORD-000294,2026/04/25,CUST-1094,Monitor Arm Dual,3,109.45,AU
ORD-000295,2026/04/26,CUST-1095,Air Purifier Small,2,172.98,AU
ORD-000296,2026/04/27,CUST-1096,Monitor Arm Dual,4,49.55,AU
ORD-000297,2026/04/28,CUST-1097,Bluetooth Speaker Mini,5,230.84,IN
ORD-000298,2026/04/29,CUST-1098,Leather Wallet Classic,2,61.49,BR
ORD-000299,2026/04/30,CUST-1099,Standing Desk Converter,3,37.33,US
ORD-000300,2026/05/01,CUST-1100,Wireless Headphones Pro,2,51.22,BR
ORD-000301,2026/05/02,CUST-1101,Noise Cancelling Earbuds,3,88.09,CN
ORD-000302,2026/05/03,CUST-1102,Running Shoes Elite,4,238.08,DE
ORD-000303,2026/05/04,CUST-1103,Wireless Headphones Pro,4,230.67,CA
ORD-000304,2026/05/05,CUST-1104,Wireless Charger Pad,3,184.8,BR
ORD-000305,2026/05/06,CUST-1105,Air Purifier Small,1,137.82,AU
ORD-000306,2026/05/07,CUST-1106,Organic Cotton T-Shirt,2,55.02,DE
ORD-000307,2026/05/08,CUST-1107,Wireless Charger Pad,5,41.21,UK
ORD-000308,2026/05/09,CUST-1108,LED Desk Lamp,4,154.45,UK
ORD-000309,2026/05/10,CUST-1109,Organic Cotton T-Shirt,2,235.98,CA
ORD-000310,2026/05/11,CUST-1110,4K Webcam Pro,2,197.07,AU
ORD-000311,2026/05/12,CUST-1111,Mechanical Keyboard RGB,3,51.32,IN
ORD-000312,2026/05/13,CUST-1112,Wireless Headphones Pro,5,110.88,UK
ORD-000313,2026/05/14,CUST-1113,Monitor Arm Dual,4,174.22,IN
ORD-000314,2026/05/15,CUST-1114,Yoga Mat Premium,3,270.43,CN
ORD-000315,2026/05/16,CUST-1115,Noise Cancelling Earbuds,1,242.44,CA
ORD-000316,2026/05/17,CUST-1116,4K Webcam Pro,5,257.78,JP
ORD-000317,2026/05/18,CUST-1117,Noise Cancelling Earbuds,5,139.8,BR
ORD-000318,2026/05/19,CUST-1118,Stainless Steel Water Bottle,1,131.33,BR
ORD-000319,2026/05/20,CUST-1119,Noise Cancelling Earbuds,5,182.51,DE
ORD-000320,2026/05/21,CUST-1120,External SSD 1TB,2,90.46,AU
ORD-000321,2026/05/22,CUST-1121,Organic Cotton T-Shirt,2,293.31,AU
ORD-000322,2026/05/23,CUST-1122,Ergonomic Office Chair,4,146.56,CA
ORD-000323,2026/05/24,CUST-1123,External SSD 1TB,1,75.69,DE
ORD-000324,2026/05/25,CUST-1124,Leather Wallet Classic,5,184.62,UK
ORD-000325,2026/05/26,CUST-1125,Wireless Mouse Silent,1,262.62,BR
ORD-000326,2026/05/27,CUST-1126,Organic Cotton T-Shirt,4,150.84,AU
ORD-000327,2026/05/28,CUST-1127,Wireless Mouse Silent,5,187.87,IN
ORD-000328,2026/05/29,CUST-1128,Wireless Headphones Pro,4,41.44,DE
ORD-000329,2026/05/30,CUST-1129,Leather Wallet Classic,2,104.76,UK
ORD-000330,2026/05/31,CUST-1130,Mechanical Keyboard RGB,5,81.97,CA
ORD-000331,2026/06/01,CUST-1131,External SSD 1TB,4,107.93,DE
ORD-000332,2026/06/02,CUST-1132,Yoga Mat Premium,3,178.31,JP
ORD-000333,2026/06/03,CUST-1133,Bluetooth Speaker Mini,1,124.39,US
ORD-000334,2026/06/04,CUST-1134,Portable Power Bank,1,260.94,IN
ORD-000335,2026/06/05,CUST-1135,4K Webcam Pro,1,293.04,IN
ORD-000336,2026/06/06,CUST-1136,Mechanical Keyboard RGB,2,144.69,CA
ORD-000337,2026/06/07,CUST-1137,Ergonomic Office Chair,3,282.1,CA
ORD-000338,2026/06/08,CUST-1138,Stainless Steel Water Bottle,1,250.37,CN
ORD-000339,2026/06/09,CUST-1139,Stainless Steel Water Bottle,3,152.51,DE
ORD-000340,2026/06/10,CUST-1140,Yoga Mat Premium,4,72.4,AU
ORD-000341,2026/06/11,CUST-1141,Mechanical Keyboard RGB,1,200.99,FR
ORD-000342,2026/06/12,CUST-1142,Monitor Arm Dual,2,93.33,FR
ORD-000343,2026/06/13,CUST-1143,Organic Cotton T-Shirt,5,104.06,FR
ORD-000344,2026/06/14,CUST-1144,Smart Watch Series 5,1,79.26,FR
ORD-000345,2026/06/15,CUST-1145,Air Purifier Small,5,289.88,UK
ORD-000346,2026/06/16,CUST-1146,Yoga Mat Premium,1,71.98,AU
ORD-000347,2026/06/17,CUST-1147,Running Shoes Elite,5,138.22,JP
ORD-000348,2026/06/18,CUST-1148,Standing Desk Converter,3,274.37,UK
ORD-000349,2026/06/19,CUST-1149,Noise Cancelling Earbuds,3,41.53,US
ORD-000350,2026/06/20,CUST-1150,Wireless Headphones Pro,5,73.09,CN
ORD-000351,2026/06/21,CUST-1151,Running Shoes Elite,5,254.32,BR
ORD-000352,2026/06/22,CUST-1152,Running Shoes Elite,3,245.13,UK
ORD-000353,2026/06/23,CUST-1153,Air Purifier Small,4,176.55,BR
ORD-000354,2026/06/24,CUST-1154,Portable Power Bank,1,63.17,JP
ORD-000355,2026/06/25,CUST-1155,4K Webcam Pro,5,141.85,JP
ORD-000356,2026/06/26,CUST-1156,Running Shoes Elite,3,276.8,FR
ORD-000357,2026/06/27,CUST-1157,Monitor Arm Dual,1,232.14,AU
ORD-000358,2026/06/28,CUST-1158,4K Webcam Pro,5,223.96,JP
ORD-000359,2026/06/29,CUST-1159,Ergonomic Office Chair,3,106.67,UK
ORD-000360,2026/01/01,CUST-1160,Standing Desk Converter,2,254.59,US
ORD-000361,2026/01/02,CUST-1161,Yoga Mat Premium,1,246.07,JP
ORD-000362,2026/01/03,CUST-1162,Bluetooth Speaker Mini,4,187.87,CA
ORD-000363,2026/01/04,CUST-1163,Smart Watch Series 5,3,136.9,JP
ORD-000364,2026/01/05,CUST-1164,Wireless Charger Pad,2,145.33,UK
ORD-000365,2026/01/06,CUST-1165,Monitor Arm Dual,5,71.98,CA
ORD-000366,2026/01/07,CUST-1166,Yoga Mat Premium,1,195.13,IN
ORD-000367,2026/01/08,CUST-1167,Monitor Arm Dual,4,254.57,BR
ORD-000368,2026/01/09,CUST-1168,Stainless Steel Water Bottle,2,286.18,DE
ORD-000369,2026/01/10,CUST-1169,4K Webcam Pro,3,268.77,CN
ORD-000370,2026/01/11,CUST-1170,Wireless Charger Pad,5,294.86,JP
ORD-000371,2026/01/12,CUST-1171,4K Webcam Pro,3,184.23,AU
ORD-000372,2026/01/13,CUST-1172,Ergonomic Office Chair,3,165.97,BR
ORD-000373,2026/01/14,CUST-1173,Stainless Steel Water Bottle,2,226.21,AU
ORD-000374,2026/01/15,CUST-1174,Mechanical Keyboard RGB,3,219.81,CN
ORD-000375,2026/01/16,CUST-1175,4K Webcam Pro,2,183.11,IN
ORD-000376,2026/01/17,CUST-1176,Wireless Charger Pad,2,188.51,AU
ORD-000377,2026/01/18,CUST-1177,4K Webcam Pro,5,286.72,IN
ORD-000378,2026/01/19,CUST-1178,Monitor Arm Dual,2,40.6,IN
ORD-000379,2026/01/20,CUST-1179,Bluetooth Speaker Mini,5,38.89,AU
ORD-000380,2026/01/21,CUST-1180,4K Webcam Pro,5,34.4,US
ORD-000381,2026/01/22,CUST-1181,Yoga Mat Premium,3,155.41,AU
ORD-000382,2026/01/23,CUST-1182,Yoga Mat Premium,4,109.3,US
ORD-000383,2026/01/24,CUST-1183,Leather Wallet Classic,4,195.62,JP
ORD-000384,2026/01/25,CUST-1184,Yoga Mat Premium,5,271.56,CN
ORD-000385,2026/01/26,CUST-1185,Wireless Headphones Pro,1,67.95,AU
ORD-000386,2026/01/27,CUST-1186,Wireless Mouse Silent,2,253.47,JP
ORD-000387,2026/01/28,CUST-1187,Portable Power Bank,1,123.46,AU
ORD-000388,2026/01/29,CUST-1188,Monitor Arm Dual,1,124.2,IN
ORD-000389,2026/01/30,CUST-1189,Yoga Mat Premium,1,77.96,BR
ORD-000390,2026/01/31,CUST-1190,LED Desk Lamp,5,125.32,IN
ORD-000391,2026/02/01,CUST-1191,Bluetooth Speaker Mini,1,179.12,AU
ORD-000392,2026/02/02,CUST-1192,Leather Wallet Classic,1,236.27,CA
ORD-000393,2026/02/03,CUST-1193,Bluetooth Speaker Mini,4,248.78,US
ORD-000394,2026/02/04,CUST-1194,Bluetooth Speaker Mini,4,253.17,FR
ORD-000395,2026/02/05,CUST-1195,Wireless Headphones Pro,4,150.16,AU
ORD-000396,2026/02/06,CUST-1196,Mechanical Keyboard RGB,3,39.73,JP
ORD-000397,2026/02/07,CUST-1197,Organic Cotton T-Shirt,2,169.12,DE
ORD-000398,2026/02/08,CUST-1198,Monitor Arm Dual,4,182.69,IN
ORD-000399,2026/02/09,CUST-1199,Monitor Arm Dual,3,104.51,BR
ORD-000400,2026/02/10,CUST-1000,Monitor Arm Dual,1,116.74,IN
ORD-000401,2026/02/11,CUST-1001,Wireless Charger Pad,1,69.52,CN
ORD-000402,2026/02/12,CUST-1002,Stainless Steel Water Bottle,3,150.02,CN
ORD-000403,2026/02/13,CUST-1003,External SSD 1TB,1,66.85,FR
ORD-000404,2026/02/14,CUST-1004,4K Webcam Pro,4,193.4,CA
ORD-000405,2026/02/15,CUST-1005,Organic Cotton T-Shirt,5,116.83,BR
ORD-000406,2026/02/16,CUST-1006,Yoga Mat Premium,4,72.28,FR
ORD-000407,2026/02/17,CUST-1007,Ergonomic Office Chair,3,296.92,UK
ORD-000408,2026/02/18,CUST-1008,4K Webcam Pro,5,279.73,US
ORD-000409,2026/02/19,CUST-1009,Stainless Steel Water Bottle,1,234.08,CA
ORD-000410,2026/02/20,CUST-1010,Wireless Charger Pad,4,215.18,DE
ORD-000411,2026/02/21,CUST-1011,Smart Watch Series 5,5,85.53,FR
ORD-000412,2026/02/22,CUST-1012,LED Desk Lamp,1,132.41,BR
ORD-000413,2026/02/23,CUST-1013,Monitor Arm Dual,2,90.42,JP
ORD-000414,2026/02/24,CUST-1014,Bluetooth Speaker Mini,1,226.4,CN
ORD-000415,2026/02/25,CUST-1015,Yoga Mat Premium,2,148.89,DE
ORD-000416,2026/02/26,CUST-1016,Leather Wallet Classic,3,263.5,JP
ORD-000417,2026/02/27,CUST-1017,Wireless Mouse Silent,3,33.68,IN
ORD-000418,2026/02/28,CUST-1018,Stainless Steel Water Bottle,5,158.56,CA
ORD-000419,2026/03/01,CUST-1019,Stainless Steel Water Bottle,2,38.12,US
ORD-000420,2026/03/02,CUST-1020,Standing Desk Converter,1,254.77,AU
ORD-000421,2026/03/03,CUST-1021,Noise Cancelling Earbuds,3,169.35,CA
ORD-000422,2026/03/04,CUST-1022,Smart Watch Series 5,2,48.73,US
ORD-000423,2026/03/05,CUST-1023,Yoga Mat Premium,2,210.04,IN
ORD-000424,2026/03/06,CUST-1024,External SSD 1TB,5,213.21,UK
ORD-000425,2026/03/07,CUST-1025,Leather Wallet Classic,1,163.86,DE
ORD-000426,2026/03/08,CUST-1026,Ergonomic Office Chair,5,113.84,JP
ORD-000427,2026/03/09,CUST-1027,Organic Cotton T-Shirt,1,170.94,DE
ORD-000428,2026/03/10,CUST-1028,Monitor Arm Dual,5,124.71,IN
ORD-000429,2026/03/11,CUST-1029,Wireless Headphones Pro,2,36.96,AU
ORD-000430,2026/03/12,CUST-1030,Wireless Mouse Silent,3,116.58,CA
ORD-000431,2026/03/13,CUST-1031,Wireless Mouse Silent,1,150.63,CN
ORD-000432,2026/03/14,CUST-1032,Bluetooth Speaker Mini,5,119.43,AU
ORD-000433,2026/03/15,CUST-1033,Mechanical Keyboard RGB,4,273.96,AU
ORD-000434,2026/03/16,CUST-1034,Mechanical Keyboard RGB,1,257.85,CN
ORD-000435,2026/03/17,CUST-1035,Running Shoes Elite,3,194.26,DE
ORD-000436,2026/03/18,CUST-1036,Bluetooth Speaker Mini,3,107.02,JP
ORD-000437,2026/03/19,CUST-1037,Monitor Arm Dual,1,31.49,FR
ORD-000438,2026/03/20,CUST-1038,Monitor Arm Dual,1,46.53,US
ORD-000439,2026/03/21,CUST-1039,4K Webcam Pro,5,189.2,BR
ORD-000440,2026/03/22,CUST-1040,Bluetooth Speaker Mini,1,120.18,BR
ORD-000441,2026/03/23,CUST-1041,Running Shoes Elite,4,258.43,CA
ORD-000442,2026/03/24,CUST-1042,Standing Desk Converter,4,128.89,US
ORD-000443,2026/03/25,CUST-1043,Bluetooth Speaker Mini,2,117.97,BR
ORD-000444,2026/03/26,CUST-1044,Wireless Charger Pad,1,178.76,AU
ORD-000445,2026/03/27,CUST-1045,Air Purifier Small,1,137.54,IN
ORD-000446,2026/03/28,CUST-1046,Stainless Steel Water Bottle,3,184.14,UK
ORD-000447,2026/03/29,CUST-1047,Mechanical Keyboard RGB,3,77.54,JP
ORD-000448,2026/03/30,CUST-1048,Stainless Steel Water Bottle,3,140.55,BR
ORD-000449,2026/03/31,CUST-1049,Running Shoes Elite,5,209.21,FR
ORD-000450,2026/04/01,CUST-1050,Standing Desk Converter,1,125.43,CN
ORD-000451,2026/04/02,CUST-1051,Yoga Mat Premium,5,35.31,AU
ORD-000452,2026/04/03,CUST-1052,Leather Wallet Classic,2,117.46,CN
ORD-000453,2026/04/04,CUST-1053,Mechanical Keyboard RGB,4,205.43,CA
ORD-000454,2026/04/05,CUST-1054,Standing Desk Converter,1,100.0,BR
ORD-000455,2026/04/06,CUST-1055,Wireless Charger Pad,5,292.53,DE
ORD-000456,2026/04/07,CUST-1056,Yoga Mat Premium,2,30.32,UK
ORD-000457,2026/04/08,CUST-1057,Organic Cotton T-Shirt,2,171.53,US
ORD-000458,2026/04/09,CUST-1058,Wireless Charger Pad,1,174.6,CA
ORD-000459,2026/04/10,CUST-1059,Monitor Arm Dual,4,98.67,AU
ORD-000460,2026/04/11,CUST-1060,Running Shoes Elite,2,252.81,DE
ORD-000461,2026/04/12,CUST-1061,Smart Watch Series 5,4,211.54,BR
ORD-000462,2026/04/13,CUST-1062,Air Purifier Small,1,93.83,AU
ORD-000463,2026/04/14,CUST-1063,Noise Cancelling Earbuds,5,151.12,BR
ORD-000464,2026/04/15,CUST-1064,LED Desk Lamp,5,202.77,CA
ORD-000465,2026/04/16,CUST-1065,Organic Cotton T-Shirt,5,260.62,FR
ORD-000466,2026/04/17,CUST-1066,Wireless Mouse Silent,5,294.19,CN
ORD-000467,2026/04/18,CUST-1067,Monitor Arm Dual,4,51.57,IN
ORD-000468,2026/04/19,CUST-1068,Wireless Charger Pad,4,74.13,JP
ORD-000469,2026/04/20,CUST-1069,Running Shoes Elite,4,53.67,DE
ORD-000470,2026/04/21,CUST-1070,Stainless Steel Water Bottle,5,30.88,AU
ORD-000471,2026/04/22,CUST-1071,Stainless Steel Water Bottle,4,90.25,US
ORD-000472,2026/04/23,CUST-1072,Ergonomic Office Chair,4,209.3,UK
ORD-000473,2026/04/24,CUST-1073,Portable Power Bank,1,268.94,DE
ORD-000474,2026/04/25,CUST-1074,Organic Cotton T-Shirt,4,147.18,UK
ORD-000475,2026/04/26,CUST-1075,LED Desk Lamp,1,36.95,FR
ORD-000476,2026/04/27,CUST-1076,Monitor Arm Dual,3,188.16,IN
ORD-000477,2026/04/28,CUST-1077,Portable Power Bank,3,32.28,DE
ORD-000478,2026/04/29,CUST-1078,Monitor Arm Dual,4,156.87,DE
ORD-000479,2026/04/30,CUST-1079,Noise Cancelling Earbuds,1,113.48,UK
ORD-000480,2026/05/01,CUST-1080,Noise Cancelling Earbuds,5,265.77,FR
ORD-000481,2026/05/02,CUST-1081,Wireless Headphones Pro,5,94.96,FR
ORD-000482,2026/05/03,CUST-1082,Monitor Arm Dual,1,150.15,DE
ORD-000483,2026/05/04,CUST-1083,Ergonomic Office Chair,2,66.82,JP
ORD-000484,2026/05/05,CUST-1084,Bluetooth Speaker Mini,5,130.25,US
ORD-000485,2026/05/06,CUST-1085,Standing Desk Converter,2,32.41,DE
ORD-000486,2026/05/07,CUST-1086,Wireless Headphones Pro,2,161.83,AU
ORD-000487,2026/05/08,CUST-1087,Air Purifier Small,2,154.08,IN
ORD-000488,2026/05/09,CUST-1088,Mechanical Keyboard RGB,4,54.71,JP
ORD-000489,2026/05/10,CUST-1089,Yoga Mat Premium,3,181.5,JP
ORD-000490,2026/05/11,CUST-1090,Running Shoes Elite,5,284.64,AU
ORD-000491,2026/05/12,CUST-1091,Ergonomic Office Chair,4,283.38,CA
ORD-000492,2026/05/13,CUST-1092,Leather Wallet Classic,4,252.8,FR
ORD-000493,2026/05/14,CUST-1093,Stainless Steel Water Bottle,5,185.33,CA
ORD-000494,2026/05/15,CUST-1094,4K Webcam Pro,1,221.37,AU
ORD-000495,2026/05/16,CUST-1095,Stainless Steel Water Bottle,5,190.86,CA
ORD-000496,2026/05/17,CUST-1096,4K Webcam Pro,1,237.32,IN
ORD-000497,2026/05/18,CUST-1097,Wireless Headphones Pro,4,151.18,JP
ORD-000498,2026/05/19,CUST-1098,Wireless Charger Pad,2,280.31,AU
ORD-000499,2026/05/20,CUST-1099,Bluetooth Speaker Mini,1,187.06,US
ORD-000500,2026/05/21,CUST-1100,Organic Cotton T-Shirt,2,160.5,UK
ORD-000501,2026/05/22,CUST-1101,Portable Power Bank,5,117.53,CA
ORD-000502,2026/05/23,CUST-1102,Wireless Charger Pad,3,135.98,AU
ORD-000503,2026/05/24,CUST-1103,Stainless Steel Water Bottle,3,207.28,CA
ORD-000504,2026/05/25,CUST-1104,Wireless Mouse Silent,2,101.74,BR
ORD-000505,2026/05/26,CUST-1105,Portable Power Bank,3,33.14,BR
ORD-000506,2026/05/27,CUST-1106,Running Shoes Elite,4,205.78,UK
ORD-000507,2026/05/28,CUST-1107,Mechanical Keyboard RGB,3,105.59,JP
ORD-000508,2026/05/29,CUST-1108,Yoga Mat Premium,3,208.39,UK
ORD-000509,2026/05/30,CUST-1109,Leather Wallet Classic,5,210.49,JP
ORD-000510,2026/05/31,CUST-1110,Organic Cotton T-Shirt,3,105.42,CN
ORD-000511,2026/06/01,CUST-1111,Air Purifier Small,5,212.54,UK
ORD-000512,2026/06/02,CUST-1112,Yoga Mat Premium,4,56.01,FR
ORD-000513,2026/06/03,CUST-1113,Noise Cancelling Earbuds,2,71.58,BR
ORD-000514,2026/06/04,CUST-1114,Running Shoes Elite,3,203.34,BR
ORD-000515,2026/06/05,CUST-1115,Air Purifier Small,3,125.78,DE
ORD-000516,2026/06/06,CUST-1116,Bluetooth Speaker Mini,3,220.72,UK
ORD-000517,2026/06/07,CUST-1117,Wireless Charger Pad,5,220.26,JP
ORD-000518,2026/06/08,CUST-1118,Monitor Arm Dual,1,82.4,BR
ORD-000519,2026/06/09,CUST-1119,Air Purifier Small,2,81.21,AU
ORD-000520,2026/06/10,CUST-1120,Yoga Mat Premium,3,297.82,DE
ORD-000521,2026/06/11,CUST-1121,Wireless Headphones Pro,1,297.93,DE
ORD-000522,2026/06/12,CUST-1122,4K Webcam Pro,1,94.22,FR
ORD-000523,2026/06/13,CUST-1123,Stainless Steel Water Bottle,2,140.54,US
ORD-000524,2026/06/14,CUST-1124,Organic Cotton T-Shirt,3,211.47,BR
ORD-000525,2026/06/15,CUST-1125,4K Webcam Pro,4,93.3,CA
ORD-000526,2026/06/16,CUST-1126,Noise Cancelling Earbuds,3,103.12,BR
ORD-000527,2026/06/17,CUST-1127,Mechanical Keyboard RGB,3,35.68,JP
ORD-000528,2026/06/18,CUST-1128,Stainless Steel Water Bottle,4,185.4,DE
ORD-000529,2026/06/19,CUST-1129,Ergonomic Office Chair,1,162.56,CN
ORD-000530,2026/06/20,CUST-1130,Organic Cotton T-Shirt,4,276.31,DE
ORD-000531,2026/06/21,CUST-1131,External SSD 1TB,5,209.04,CA
ORD-000532,2026/06/22,CUST-1132,Smart Watch Series 5,5,172.98,CA
ORD-000533,2026/06/23,CUST-1133,Wireless Mouse Silent,4,171.0,JP
ORD-000534,2026/06/24,CUST-1134,Organic Cotton T-Shirt,4,131.67,AU
ORD-000535,2026/06/25,CUST-1135,Stainless Steel Water Bottle,4,104.67,JP
ORD-000536,2026/06/26,CUST-1136,Stainless Steel Water Bottle,4,264.04,DE
ORD-000537,2026/06/27,CUST-1137,Ergonomic Office Chair,5,238.03,JP
ORD-000538,2026/06/28,CUST-1138,Monitor Arm Dual,2,62.84,CA
ORD-000539,2026/06/29,CUST-1139,4K Webcam Pro,3,254.47,UK
ORD-000540,2026/01/01,CUST-1140,LED Desk Lamp,5,207.84,JP
ORD-000541,2026/01/02,CUST-1141,Wireless Headphones Pro,1,32.8,BR
ORD-000542,2026/01/03,CUST-1142,Ergonomic Office Chair,2,59.11,JP
ORD-000543,2026/01/04,CUST-1143,Bluetooth Speaker Mini,2,299.79,JP
ORD-000544,2026/01/05,CUST-1144,Air Purifier Small,5,271.31,UK
ORD-000545,2026/01/06,CUST-1145,Yoga Mat Premium,3,234.59,AU
ORD-000546,2026/01/07,CUST-1146,Portable Power Bank,1,96.29,BR
ORD-000547,2026/01/08,CUST-1147,Ergonomic Office Chair,2,187.77,CN
ORD-000548,2026/01/09,CUST-1148,Monitor Arm Dual,3,241.81,AU
ORD-000549,2026/01/10,CUST-1149,Standing Desk Converter,3,104.76,US
ORD-000550,2026/01/11,CUST-1150,Standing Desk Converter,1,61.5,UK
ORD-000551,2026/01/12,CUST-1151,Wireless Mouse Silent,5,161.42,US
ORD-000552,2026/01/13,CUST-1152,Running Shoes Elite,4,292.94,IN
ORD-000553,2026/01/14,CUST-1153,Monitor Arm Dual,4,99.54,FR
ORD-000554,2026/01/15,CUST-1154,Smart Watch Series 5,4,231.87,CN
ORD-000555,2026/01/16,CUST-1155,Wireless Mouse Silent,1,63.15,JP
ORD-000556,2026/01/17,CUST-1156,Portable Power Bank,4,46.68,CA
ORD-000557,2026/01/18,CUST-1157,Ergonomic Office Chair,2,163.02,AU
ORD-000558,2026/01/19,CUST-1158,External SSD 1TB,3,263.38,UK
ORD-000559,2026/01/20,CUST-1159,Wireless Mouse Silent,1,170.12,AU
ORD-000560,2026/01/21,CUST-1160,4K Webcam Pro,1,284.59,BR
ORD-000561,2026/01/22,CUST-1161,Wireless Headphones Pro,1,33.71,CA
ORD-000562,2026/01/23,CUST-1162,Monitor Arm Dual,4,151.65,CN
ORD-000563,2026/01/24,CUST-1163,External SSD 1TB,5,81.48,CA
ORD-000564,2026/01/25,CUST-1164,Monitor Arm Dual,3,136.4,BR
ORD-000565,2026/01/26,CUST-1165,Leather Wallet Classic,5,261.02,FR
ORD-000566,2026/01/27,CUST-1166,Standing Desk Converter,4,63.5,DE
ORD-000567,2026/01/28,CUST-1167,Portable Power Bank,3,243.47,BR
ORD-000568,2026/01/29,CUST-1168,Portable Power Bank,5,39.54,FR
ORD-000569,2026/01/30,CUST-1169,Air Purifier Small,4,140.49,US
ORD-000570,2026/01/31,CUST-1170,Wireless Mouse Silent,3,265.06,AU
ORD-000571,2026/02/01,CUST-1171,Organic Cotton T-Shirt,2,85.72,JP
ORD-000572,2026/02/02,CUST-1172,Stainless Steel Water Bottle,2,79.69,BR
ORD-000573,2026/02/03,CUST-1173,Standing Desk Converter,3,46.82,CN
ORD-000574,2026/02/04,CUST-1174,Smart Watch Series 5,2,197.11,UK
ORD-000575,2026/02/05,CUST-1175,Leather Wallet Classic,2,189.97,CN
ORD-000576,2026/02/06,CUST-1176,Leather Wallet Classic,3,123.33,US
ORD-000577,2026/02/07,CUST-1177,Standing Desk Converter,2,255.0,IN
ORD-000578,2026/02/08,CUST-1178,Wireless Mouse Silent,4,233.96,BR
ORD-000579,2026/02/09,CUST-1179,Yoga Mat Premium,2,99.22,UK
ORD-000580,2026/02/10,CUST-1180,LED Desk Lamp,2,151.17,UK
ORD-000581,2026/02/11,CUST-1181,Wireless Headphones Pro,2,89.88,IN
ORD-000582,2026/02/12,CUST-1182,Standing Desk Converter,2,281.19,FR
ORD-000583,2026/02/13,CUST-1183,Noise Cancelling Earbuds,3,256.98,IN
ORD-000584,2026/02/14,CUST-1184,Wireless Mouse Silent,2,80.91,US
ORD-000585,2026/02/15,CUST-1185,Leather Wallet Classic,3,133.8,DE
ORD-000586,2026/02/16,CUST-1186,Noise Cancelling Earbuds,3,247.07,US
ORD-000587,2026/02/17,CUST-1187,Wireless Charger Pad,2,35.77,AU
ORD-000588,2026/02/18,CUST-1188,Stainless Steel Water Bottle,3,121.9,UK
ORD-000589,2026/02/19,CUST-1189,Monitor Arm Dual,4,240.79,JP
ORD-000590,2026/02/20,CUST-1190,Air Purifier Small,4,64.5,CA
ORD-000591,2026/02/21,CUST-1191,Wireless Mouse Silent,2,240.47,US
ORD-000592,2026/02/22,CUST-1192,Noise Cancelling Earbuds,3,38.42,US
ORD-000593,2026/02/23,CUST-1193,Air Purifier Small,2,36.39,AU
ORD-000594,2026/02/24,CUST-1194,Mechanical Keyboard RGB,1,193.96,UK
ORD-000595,2026/02/25,CUST-1195,Noise Cancelling Earbuds,1,157.7,IN
ORD-000596,2026/02/26,CUST-1196,Air Purifier Small,5,244.05,US
ORD-000597,2026/02/27,CUST-1197,Noise Cancelling Earbuds,2,104.58,FR
ORD-000598,2026/02/28,CUST-1198,Stainless Steel Water Bottle,4,214.02,BR
ORD-000599,2026/03/01,CUST-1199,Stainless Steel Water Bottle,4,58.19,CN
ORD-000600,2026/03/02,CUST-1000,LED Desk Lamp,4,96.3,CN
ORD-000601,2026/03/03,CUST-1001,Wireless Charger Pad,4,139.32,FR
ORD-000602,2026/03/04,CUST-1002,LED Desk Lamp,1,176.35,AU
ORD-000603,2026/03/05,CUST-1003,4K Webcam Pro,2,254.49,UK
ORD-000604,2026/03/06,CUST-1004,Smart Watch Series 5,4,51.4,FR
ORD-000605,2026/03/07,CUST-1005,Organic Cotton T-Shirt,1,242.19,DE
ORD-000606,2026/03/08,CUST-1006,Wireless Charger Pad,3,97.63,IN
ORD-000607,2026/03/09,CUST-1007,Monitor Arm Dual,5,196.44,JP
ORD-000608,2026/03/10,CUST-1008,Bluetooth Speaker Mini,3,101.55,BR
ORD-000609,2026/03/11,CUST-1009,Ergonomic Office Chair,1,65.63,DE
ORD-000610,2026/03/12,CUST-1010,External SSD 1TB,5,295.23,CN
ORD-000611,2026/03/13,CUST-1011,4K Webcam Pro,3,227.04,BR
ORD-000612,2026/03/14,CUST-1012,Noise Cancelling Earbuds,5,194.14,US
ORD-000613,2026/03/15,CUST-1013,External SSD 1TB,5,182.01,IN
ORD-000614,2026/03/16,CUST-1014,Smart Watch Series 5,2,255.05,UK
ORD-000615,2026/03/17,CUST-1015,Smart Watch Series 5,1,95.16,FR
ORD-000616,2026/03/18,CUST-1016,Leather Wallet Classic,4,101.54,CA
ORD-000617,2026/03/19,CUST-1017,Monitor Arm Dual,2,57.77,BR
ORD-000618,2026/03/20,CUST-1018,Ergonomic Office Chair,1,106.6,UK
ORD-000619,2026/03/21,CUST-1019,Wireless Headphones Pro,2,202.04,DE
ORD-000620,2026/03/22,CUST-1020,Wireless Headphones Pro,3,257.96,JP
ORD-000621,2026/03/23,CUST-1021,Air Purifier Small,3,278.87,UK
ORD-000622,2026/03/24,CUST-1022,Standing Desk Converter,3,259.74,AU
ORD-000623,2026/03/25,CUST-1023,Wireless Charger Pad,2,279.98,IN
ORD-000624,2026/03/26,CUST-1024,Leather Wallet Classic,2,228.55,IN
ORD-000625,2026/03/27,CUST-1025,Stainless Steel Water Bottle,3,155.71,UK
ORD-000626,2026/03/28,CUST-1026,4K Webcam Pro,3,196.9,CN
ORD-000627,2026/03/29,CUST-1027,Portable Power Bank,4,263.02,AU
ORD-000628,2026/03/30,CUST-1028,Ergonomic Office Chair,2,247.67,IN
ORD-000629,2026/03/31,CUST-1029,Wireless Headphones Pro,1,106.14,BR
ORD-000630,2026/04/01,CUST-1030,Wireless Mouse Silent,2,107.19,CA
ORD-000631,2026/04/02,CUST-1031,Leather Wallet Classic,1,283.33,UK
ORD-000632,2026/04/03,CUST-1032,Ergonomic Office Chair,4,273.09,DE
ORD-000633,2026/04/04,CUST-1033,Yoga Mat Premium,1,200.49,BR
ORD-000634,2026/04/05,CUST-1034,4K Webcam Pro,5,138.53,CN
ORD-000635,2026/04/06,CUST-1035,Monitor Arm Dual,5,55.49,CA
ORD-000636,2026/04/07,CUST-1036,Standing Desk Converter,4,232.54,CA
ORD-000637,2026/04/08,CUST-1037,Stainless Steel Water Bottle,2,256.47,US
ORD-000638,2026/04/09,CUST-1038,Smart Watch Series 5,4,192.03,FR
ORD-000639,2026/04/10,CUST-1039,Ergonomic Office Chair,5,186.21,IN
ORD-000640,2026/04/11,CUST-1040,Portable Power Bank,5,64.76,CA
ORD-000641,2026/04/12,CUST-1041,Air Purifier Small,3,73.43,IN
ORD-000642,2026/04/13,CUST-1042,LED Desk Lamp,4,44.66,IN
ORD-000643,2026/04/14,CUST-1043,Stainless Steel Water Bottle,2,199.0,AU
ORD-000644,2026/04/15,CUST-1044,Bluetooth Speaker Mini,5,53.53,FR
ORD-000645,2026/04/16,CUST-1045,Ergonomic Office Chair,4,153.23,CA
ORD-000646,2026/04/17,CUST-1046,LED Desk Lamp,2,134.99,UK
ORD-000647,2026/04/18,CUST-1047,Ergonomic Office Chair,2,120.81,FR
ORD-000648,2026/04/19,CUST-1048,Portable Power Bank,1,140.44,BR
ORD-000649,2026/04/20,CUST-1049,Stainless Steel Water Bottle,4,70.61,CA
ORD-000650,2026/04/21,CUST-1050,Mechanical Keyboard RGB,4,198.44,AU
ORD-000651,2026/04/22,CUST-1051,Organic Cotton T-Shirt,2,243.68,FR
ORD-000652,2026/04/23,CUST-1052,Portable Power Bank,1,39.71,CA
ORD-000653,2026/04/24,CUST-1053,Organic Cotton T-Shirt,1,54.66,JP
ORD-000654,2026/04/25,CUST-1054,Stainless Steel Water Bottle,5,140.61,UK
ORD-000655,2026/04/26,CUST-1055,Running Shoes Elite,1,110.87,DE
ORD-000656,2026/04/27,CUST-1056,Ergonomic Office Chair,4,42.72,CA
ORD-000657,2026/04/28,CUST-1057,Smart Watch Series 5,4,246.98,AU
ORD-000658,2026/04/29,CUST-1058,Air Purifier Small,5,163.37,JP
ORD-000659,2026/04/30,CUST-1059,Stainless Steel Water Bottle,3,55.65,DE
ORD-000660,2026/05/01,CUST-1060,Monitor Arm Dual,1,88.81,AU
ORD-000661,2026/05/02,CUST-1061,Running Shoes Elite,5,150.67,DE
ORD-000662,2026/05/03,CUST-1062,Mechanical Keyboard RGB,5,157.36,JP
ORD-000663,2026/05/04,CUST-1063,Running Shoes Elite,4,259.04,IN
ORD-000664,2026/05/05,CUST-1064,LED Desk Lamp,4,45.8,FR
ORD-000665,2026/05/06,CUST-1065,Leather Wallet Classic,2,199.17,CN
ORD-000666,2026/05/07,CUST-1066,Monitor Arm Dual,5,51.22,AU
ORD-000667,2026/05/08,CUST-1067,Air Purifier Small,3,137.72,IN
ORD-000668,2026/05/09,CUST-1068,Running Shoes Elite,3,209.61,UK
ORD-000669,2026/05/10,CUST-1069,4K Webcam Pro,3,232.24,AU
ORD-000670,2026/05/11,CUST-1070,Stainless Steel Water Bottle,3,131.61,UK
ORD-000671,2026/05/12,CUST-1071,Smart Watch Series 5,2,205.91,DE
ORD-000672,2026/05/13,CUST-1072,Wireless Charger Pad,1,211.14,CN
ORD-000673,2026/05/14,CUST-1073,External SSD 1TB,3,107.29,CA
ORD-000674,2026/05/15,CUST-1074,Bluetooth Speaker Mini,2,70.93,UK
ORD-000675,2026/05/16,CUST-1075,Mechanical Keyboard RGB,3,178.02,DE
ORD-000676,2026/05/17,CUST-1076,Air Purifier Small,3,223.2,BR
ORD-000677,2026/05/18,CUST-1077,Leather Wallet Classic,5,290.2,JP
ORD-000678,2026/05/19,CUST-1078,Air Purifier Small,3,55.98,DE
ORD-000679,2026/05/20,CUST-1079,Noise Cancelling Earbuds,1,113.37,UK
ORD-000680,2026/05/21,CUST-1080,Standing Desk Converter,2,252.41,FR
ORD-000681,2026/05/22,CUST-1081,Running Shoes Elite,2,158.14,CN
ORD-000682,2026/05/23,CUST-1082,Ergonomic Office Chair,4,252.82,UK
ORD-000683,2026/05/24,CUST-1083,Air Purifier Small,1,84.27,JP
ORD-000684,2026/05/25,CUST-1084,Air Purifier Small,3,295.72,UK
ORD-000685,2026/05/26,CUST-1085,Portable Power Bank,4,256.74,AU
ORD-000686,2026/05/27,CUST-1086,External SSD 1TB,4,78.98,JP
ORD-000687,2026/05/28,CUST-1087,Air Purifier Small,4,76.92,FR
ORD-000688,2026/05/29,CUST-1088,4K Webcam Pro,4,115.0,BR
ORD-000689,2026/05/30,CUST-1089,Wireless Charger Pad,2,169.12,US
ORD-000690,2026/05/31,CUST-1090,External SSD 1TB,3,110.08,US
ORD-000691,2026/06/01,CUST-1091,Wireless Charger Pad,1,62.37,US
ORD-000692,2026/06/02,CUST-1092,Standing Desk Converter,5,140.9,DE
ORD-000693,2026/06/03,CUST-1093,Portable Power Bank,1,191.32,CN
ORD-000694,2026/06/04,CUST-1094,Standing Desk Converter,2,176.04,US
ORD-000695,2026/06/05,CUST-1095,Wireless Headphones Pro,4,72.98,BR
ORD-000696,2026/06/06,CUST-1096,Wireless Headphones Pro,3,99.7,BR
ORD-000697,2026/06/07,CUST-1097,4K Webcam Pro,2,61.02,BR
ORD-000698,2026/06/08,CUST-1098,Mechanical Keyboard RGB,2,144.86,IN
ORD-000699,2026/06/09,CUST-1099,Standing Desk Converter,4,157.05,JP
ORD-000700,2026/06/10,CUST-1100,Standing Desk Converter,4,243.67,UK
ORD-000701,2026/06/11,CUST-1101,External SSD 1TB,1,63.58,DE
ORD-000702,2026/06/12,CUST-1102,Leather Wallet Classic,4,179.05,JP
ORD-000703,2026/06/13,CUST-1103,Monitor Arm Dual,2,143.98,UK
ORD-000704,2026/06/14,CUST-1104,Smart Watch Series 5,2,186.69,DE
ORD-000705,2026/06/15,CUST-1105,External SSD 1TB,2,269.17,IN
ORD-000706,2026/06/16,CUST-1106,Air Purifier Small,2,208.77,US
ORD-000707,2026/06/17,CUST-1107,Wireless Headphones Pro,4,141.21,CN
ORD-000708,2026/06/18,CUST-1108,Wireless Mouse Silent,1,221.34,JP
ORD-000709,2026/06/19,CUST-1109,Air Purifier Small,1,90.09,CA
ORD-000710,2026/06/20,CUST-1110,Running Shoes Elite,3,219.52,BR
ORD-000711,2026/06/21,CUST-1111,Bluetooth Speaker Mini,3,40.21,DE
ORD-000712,2026/06/22,CUST-1112,Bluetooth Speaker Mini,2,72.1,FR
ORD-000713,2026/06/23,CUST-1113,Air Purifier Small,5,193.66,CN
ORD-000714,2026/06/24,CUST-1114,External SSD 1TB,3,293.83,CN
ORD-000715,2026/06/25,CUST-1115,Running Shoes Elite,1,210.17,DE
ORD-000716,2026/06/26,CUST-1116,Portable Power Bank,4,69.71,BR
ORD-000717,2026/06/27,CUST-1117,External SSD 1TB,2,197.42,FR
ORD-000718,2026/06/28,CUST-1118,Wireless Headphones Pro,2,36.87,FR
ORD-000719,2026/06/29,CUST-1119,Yoga Mat Premium,2,118.81,FR
ORD-000720,2026/01/01,CUST-1120,Wireless Headphones Pro,4,128.88,CA
ORD-000721,2026/01/02,CUST-1121,Monitor Arm Dual,1,242.8,US
ORD-000722,2026/01/03,CUST-1122,Wireless Charger Pad,2,287.33,IN
ORD-000723,2026/01/04,CUST-1123,Bluetooth Speaker Mini,2,204.02,AU
ORD-000724,2026/01/05,CUST-1124,LED Desk Lamp,5,194.88,IN
ORD-000725,2026/01/06,CUST-1125,Bluetooth Speaker Mini,1,41.8,CN
ORD-000726,2026/01/07,CUST-1126,Smart Watch Series 5,4,97.56,UK
ORD-000727,2026/01/08,CUST-1127,Bluetooth Speaker Mini,3,177.75,FR
ORD-000728,2026/01/09,CUST-1128,Leather Wallet Classic,2,249.59,UK
ORD-000729,2026/01/10,CUST-1129,Standing Desk Converter,3,183.3,BR
ORD-000730,2026/01/11,CUST-1130,Air Purifier Small,4,176.98,IN
ORD-000731,2026/01/12,CUST-1131,LED Desk Lamp,5,276.7,IN
ORD-000732,2026/01/13,CUST-1132,Air Purifier Small,2,155.06,AU
ORD-000733,2026/01/14,CUST-1133,Wireless Mouse Silent,3,165.86,FR
ORD-000734,2026/01/15,CUST-1134,External SSD 1TB,5,271.38,AU
ORD-000735,2026/01/16,CUST-1135,Smart Watch Series 5,5,125.61,BR
ORD-000736,2026/01/17,CUST-1136,Ergonomic Office Chair,5,292.46,IN
ORD-000737,2026/01/18,CUST-1137,Leather Wallet Classic,1,135.7,US
ORD-000738,2026/01/19,CUST-1138,External SSD 1TB,4,82.95,CA
ORD-000739,2026/01/20,CUST-1139,4K Webcam Pro,3,69.38,AU
ORD-000740,2026/01/21,CUST-1140,Mechanical Keyboard RGB,2,136.04,JP
ORD-000741,2026/01/22,CUST-1141,Running Shoes Elite,3,86.18,AU
ORD-000742,2026/01/23,CUST-1142,Wireless Charger Pad,5,235.38,AU
ORD-000743,2026/01/24,CUST-1143,LED Desk Lamp,5,178.37,UK
ORD-000744,2026/01/25,CUST-1144,Yoga Mat Premium,3,249.5,AU
ORD-000745,2026/01/26,CUST-1145,Yoga Mat Premium,5,150.41,AU
ORD-000746,2026/01/27,CUST-1146,Leather Wallet Classic,3,66.55,AU
ORD-000747,2026/01/28,CUST-1147,4K Webcam Pro,1,239.54,CN
ORD-000748,2026/01/29,CUST-1148,Stainless Steel Water Bottle,1,65.07,US
ORD-000749,2026/01/30,CUST-1149,Portable Power Bank,4,124.94,DE
ORD-000750,2026/01/31,CUST-1150,Air Purifier Small,2,251.76,IN
ORD-000751,2026/02/01,CUST-1151,Stainless Steel Water Bottle,5,245.52,US
ORD-000752,2026/02/02,CUST-1152,4K Webcam Pro,2,246.6,UK
ORD-000753,2026/02/03,CUST-1153,Leather Wallet Classic,1,192.18,CA
ORD-000754,2026/02/04,CUST-1154,External SSD 1TB,5,107.35,BR
ORD-000755,2026/02/05,CUST-1155,Standing Desk Converter,3,143.88,BR
ORD-000756,2026/02/06,CUST-1156,Noise Cancelling Earbuds,4,271.02,CN
ORD-000757,2026/02/07,CUST-1157,Portable Power Bank,2,207.33,JP
ORD-000758,2026/02/08,CUST-1158,Standing Desk Converter,1,135.03,DE
ORD-000759,2026/02/09,CUST-1159,Stainless Steel Water Bottle,4,224.3,US
ORD-000760,2026/02/10,CUST-1160,Air Purifier Small,4,39.72,AU
ORD-000761,2026/02/11,CUST-1161,Leather Wallet Classic,4,190.89,UK
ORD-000762,2026/02/12,CUST-1162,External SSD 1TB,5,174.89,FR
ORD-000763,2026/02/13,CUST-1163,Yoga Mat Premium,2,281.34,CN
ORD-000764,2026/02/14,CUST-1164,Bluetooth Speaker Mini,2,197.24,UK
ORD-000765,2026/02/15,CUST-1165,LED Desk Lamp,3,258.26,IN
ORD-000766,2026/02/16,CUST-1166,Wireless Mouse Silent,4,282.76,DE
ORD-000767,2026/02/17,CUST-1167,Mechanical Keyboard RGB,5,283.07,BR
ORD-000768,2026/02/18,CUST-1168,Stainless Steel Water Bottle,2,280.25,CN
ORD-000769,2026/02/19,CUST-1169,Yoga Mat Premium,3,242.99,DE
ORD-000770,2026/02/20,CUST-1170,Smart Watch Series 5,1,160.18,UK
ORD-000771,2026/02/21,CUST-1171,Noise Cancelling Earbuds,4,282.31,BR
ORD-000772,2026/02/22,CUST-1172,4K Webcam Pro,5,151.42,CN
ORD-000773,2026/02/23,CUST-1173,Leather Wallet Classic,4,98.66,FR
ORD-000774,2026/02/24,CUST-1174,Noise Cancelling Earbuds,4,153.49,BR
ORD-000775,2026/02/25,CUST-1175,External SSD 1TB,3,253.47,CA
ORD-000776,2026/02/26,CUST-1176,LED Desk Lamp,5,156.12,CN
ORD-000777,2026/02/27,CUST-1177,LED Desk Lamp,3,203.99,CN
ORD-000778,2026/02/28,CUST-1178,Mechanical Keyboard RGB,5,146.69,BR
ORD-000779,2026/03/01,CUST-1179,Noise Cancelling Earbuds,1,105.99,IN
ORD-000780,2026/03/02,CUST-1180,Noise Cancelling Earbuds,2,51.95,JP
ORD-000781,2026/03/03,CUST-1181,Mechanical Keyboard RGB,2,217.67,BR
ORD-000782,2026/03/04,CUST-1182,Mechanical Keyboard RGB,5,290.93,CA
ORD-000783,2026/03/05,CUST-1183,External SSD 1TB,2,64.67,UK
ORD-000784,2026/03/06,CUST-1184,LED Desk Lamp,5,252.41,US
ORD-000785,2026/03/07,CUST-1185,Bluetooth Speaker Mini,5,218.72,CN
ORD-000786,2026/03/08,CUST-1186,LED Desk Lamp,2,271.32,FR
ORD-000787,2026/03/09,CUST-1187,Bluetooth Speaker Mini,2,143.44,FR
ORD-000788,2026/03/10,CUST-1188,Bluetooth Speaker Mini,2,57.83,JP
ORD-000789,2026/03/11,CUST-1189,Standing Desk Converter,1,244.5,FR
ORD-000790,2026/03/12,CUST-1190,Noise Cancelling Earbuds,4,126.16,IN
ORD-000791,2026/03/13,CUST-1191,Air Purifier Small,5,201.63,FR
ORD-000792,2026/03/14,CUST-1192,Smart Watch Series 5,3,192.08,US
ORD-000793,2026/03/15,CUST-1193,Ergonomic Office Chair,3,48.34,CA
ORD-000794,2026/03/16,CUST-1194,Wireless Mouse Silent,4,155.55,CN
ORD-000795,2026/03/17,CUST-1195,Wireless Mouse Silent,1,273.02,CN
ORD-000796,2026/03/18,CUST-1196,Wireless Headphones Pro,4,279.45,FR
ORD-000797,2026/03/19,CUST-1197,Monitor Arm Dual,5,248.44,DE
ORD-000798,2026/03/20,CUST-1198,Leather Wallet Classic,4,33.63,CA
ORD-000799,2026/03/21,CUST-1199,4K Webcam Pro,5,143.86,DE
ORD-000800,2026/03/22,CUST-1000,Monitor Arm Dual,4,113.65,UK
ORD-000801,2026/03/23,CUST-1001,Smart Watch Series 5,5,237.66,US
ORD-000802,2026/03/24,CUST-1002,Organic Cotton T-Shirt,4,106.79,JP
ORD-000803,2026/03/25,CUST-1003,External SSD 1TB,5,228.24,AU
ORD-000804,2026/03/26,CUST-1004,Organic Cotton T-Shirt,4,294.48,BR
ORD-000805,2026/03/27,CUST-1005,Stainless Steel Water Bottle,5,228.63,JP
ORD-000806,2026/03/28,CUST-1006,Leather Wallet Classic,5,222.26,UK
ORD-000807,2026/03/29,CUST-1007,4K Webcam Pro,5,130.75,UK
ORD-000808,2026/03/30,CUST-1008,Wireless Mouse Silent,5,142.85,FR
ORD-000809,2026/03/31,CUST-1009,Portable Power Bank,4,110.69,UK
ORD-000810,2026/04/01,CUST-1010,Portable Power Bank,3,251.81,UK
ORD-000811,2026/04/02,CUST-1011,Bluetooth Speaker Mini,1,92.69,AU
ORD-000812,2026/04/03,CUST-1012,Ergonomic Office Chair,3,41.26,BR
ORD-000813,2026/04/04,CUST-1013,Running Shoes Elite,2,39.14,CN
ORD-000814,2026/04/05,CUST-1014,Monitor Arm Dual,2,114.51,IN
ORD-000815,2026/04/06,CUST-1015,Ergonomic Office Chair,5,41.57,FR
ORD-000816,2026/04/07,CUST-1016,Running Shoes Elite,5,249.11,DE
ORD-000817,2026/04/08,CUST-1017,Bluetooth Speaker Mini,2,114.9,FR
ORD-000818,2026/04/09,CUST-1018,Leather Wallet Classic,5,230.56,BR
ORD-000819,2026/04/10,CUST-1019,Leather Wallet Classic,3,115.4,CN
ORD-000820,2026/04/11,CUST-1020,LED Desk Lamp,2,279.62,UK
ORD-000821,2026/04/12,CUST-1021,Air Purifier Small,5,51.21,CN
ORD-000822,2026/04/13,CUST-1022,Stainless Steel Water Bottle,5,135.4,US
ORD-000823,2026/04/14,CUST-1023,Mechanical Keyboard RGB,1,114.43,CN
ORD-000824,2026/04/15,CUST-1024,Monitor Arm Dual,2,138.76,AU
ORD-000825,2026/04/16,CUST-1025,Wireless Charger Pad,5,126.11,BR
ORD-000826,2026/04/17,CUST-1026,Wireless Mouse Silent,5,204.94,CA
ORD-000827,2026/04/18,CUST-1027,Mechanical Keyboard RGB,3,252.56,FR
ORD-000828,2026/04/19,CUST-1028,Mechanical Keyboard RGB,1,50.05,BR
ORD-000829,2026/04/20,CUST-1029,Organic Cotton T-Shirt,4,277.72,IN
ORD-000830,2026/04/21,CUST-1030,Wireless Mouse Silent,4,42.05,CN
ORD-000831,2026/04/22,CUST-1031,Stainless Steel Water Bottle,3,165.75,AU
